Item name;Variations;Option set 1;Option 1;Option set 2;Option 2;Option set 3;Option 3;Option set 4;Option 4;Is variation visible? (Yes/No);Price;Cost price;Variable price? (Yes/No);Tax rate (%);On sale in Online Store?;Regular price (before sale);Set up different prices and VAT for takeaway;Takeaway price;Takeaway tax rate;Unit;Track inventory? (Yes/No);Quantity;Low stock threshold;SKU;Barcode;Modifiers;Description (Online Store and Invoices only);Category;Display item at Checkout? (Yes/No);Display colour in POS checkout;Image 1;Image 2;Image 3;Image 4;Image 5;Image 6;Image 7;Display item in Online Store? (Yes/No);SEO title (Online Store only);SEO description (Online Store only);Shipping weight [kg] (Online Store only);Display service in Bookings? (Yes/No);Duration [minutes] (Bookings only);Location [business/customer] (Bookings only);Item id (Do not change);Variant id (Do not change);
 Celimax Pore+dark spot cream;;;;;;;;;;Yes;21.99;;No;20.00;No;;No;;;each.each;Yes;3;2;;;;;CELIMAX;Yes;Yellow;https://images.sumup.com/img_5C4NNBV6XC96GSFV0HJMD3600W;;;;;;;Yes; Celimax Pore+dark spot cream;;;Yes;45;business;7d5d99dd-185f-4b87-bbf5-94666f1eb8bb;463d28e5-6fa9-468c-8445-e95223f46664;
 Dewap Cicatea pore et sebum cleanser;;;;;;;;;;Yes;18.50;;No;20.00;No;;No;;;each.each;Yes;5;0;;;;;Dewpad;Yes;Yellow;https://images.sumup.com/img_582B99GY5E9EESYYJD5Q2Z7MJJ;;;;;;;Yes; Dewap Cicatea pore et sebum cleanser;;;Yes;45;business;d0b99b25-f22a-4776-b56e-e228533bb749;677fb96a-76b6-4404-9bfc-bd01351e8ad2;
 Dr Althea Mask Aqua blue;;;;;;;;;;Yes;4.99;;No;20.00;No;;No;;;each.each;No;0;0;;;;;DR ALTHEA;Yes;Dark blue;https://images.sumup.com/img_2JEFJA1HK98WQTF94Y3FBZG695;;;;;;;Yes; Dr Althea Mask Aqua blue;;;Yes;45;business;033d8f20-7eb6-465e-bc55-eda546c605d1;b63f8fec-b9ba-4f07-9697-e31067f1e953;
 Farm stay Cica farm foam;;;;;;;;;;Yes;16.00;;No;20.00;No;;No;;;each.each;Yes;8;0;;;;;FARMSTAY;Yes;;https://images.sumup.com/img_2VRPD7ACZM96DTXMDV9Q2W5G2V;;;;;;;Yes; Farm stay Cica farm foam;;;Yes;45;business;79853e93-8d94-4ed2-a7ca-1a96317da837;426c3f1a-fe3c-40f8-af2d-94a01f707f55;
 Farm stay Shampooing black garlic;;;;;;;;;;Yes;14.50;;No;20.00;No;;No;;;each.each;Yes;2;0;;;;;FARMSTAY;Yes;Black;https://images.sumup.com/img_4B6DPAFG8Q87DA87JR6F2ETDJ8;;;;;;;Yes; Farm stay Shampooing black garlic;;;Yes;45;business;d81a939d-049b-4840-9aac-f781af81583c;2f55d183-fec6-4f33-a456-832bd8720804;
 Haruharu Essence ;;;;;;;;;;Yes;21.95;;No;20.00;No;;No;;;each.each;Yes;1;0;;;;;HARUHARU WONDER;Yes;Grey;https://images.sumup.com/img_19HTW2CFTF9EER79XFCCB016S3;;;;;;;Yes; Haruharu Essence ;;;Yes;45;business;2203cec0-89c0-4e28-b771-33229a2d47d1;b1249365-c918-4fb4-998b-b8f120b43732;
 Medipeel Melanonx cream;;;;;;;;;;Yes;27.00;;No;20.00;No;;No;;;each.each;Yes;0;0;;;;;MEDIPEEL;Yes;;https://images.sumup.com/img_7PFDY1GC3Q93ES63E6EF49M6FD;;;;;;;Yes; Medipeel Melanonx cream;;;Yes;45;business;caeffe5b-1cba-4b53-9729-ac286698c6ba;af2800df-8800-4e28-9347-69bb7391294e;
 Nuture Boost et glow vitamine C;;;;;;;;;;Yes;26.99;;No;20.00;No;;No;;;each.each;Yes;4;0;;;;;Nuture;Yes;Pink;https://images.sumup.com/img_56YV5WY0W680BSCFSD5TNYHKGN;;;;;;;Yes; Nuture Boost et glow vitamine C;;;Yes;45;business;7b8b123b-ef45-4ad4-8a43-b269d65eda3c;0b9b5443-6f81-4c3e-b2c3-6b3931437fa8;
 Skin 1004 Masque probio cica ;;;;;;;;;;Yes;4.99;;No;20.00;No;;No;;;each.each;Yes;15;0;;;;;SKIN 1004;Yes;;https://images.sumup.com/img_3R0KAV0P8S98F9589MZQSTQJDM;;;;;;;Yes; Skin 1004 Masque probio cica ;;;Yes;45;business;8df0d029-1549-4614-b9e5-1ef2bb4ee9cc;351c4071-81fe-47e6-a6d4-6627737566e9;
A'pieu glycolic Acid Cream;;;;;;;;;;Yes;18.00;;No;20.00;No;;No;;;each.each;Yes;3;0;;;;;A'pieu;Yes;Dark blue;https://images.sumup.com/img_1FCGP156SA9Z3V196EJ4MFV2VB;;;;;;;Yes;A'pieu glycolic Acid Cream;;;Yes;45;business;10c78c8a-8890-40da-b82c-62efd644740a;5b0251d6-f2e2-4e9c-b1bb-a753876cd315;
ABIB -  Heartleaf Calming Trial Kit - 1 Set (4 items);;;;;;;;;;Yes;29.99;;No;20.00;No;;No;;;each.each;Yes;2;0;;;;;ABIB;Yes;;https://images.sumup.com/img_61WQGSWHSW806TBAN8PVQWDR43;;;;;;;Yes;;;;Yes;45;business;51FC0006-6A1F-49C4-B9B6-9CD2166969D2;71720216-B29B-4096-AC35-3169DCAE6887;
ABIB - Acne Foam Cleanser Heartleaf Foam - 150ml;;;;;;;;;;Yes;16.00;;No;20.00;No;15.00;No;;;each.each;Yes;3;2;;12346789476;;;ABIB;Yes;Grey;https://images.sumup.com/img_00M7M2PYWK9XPRQN213XZ69W6M;;;;;;;Yes;;;;No;45;business;95e39e7d-75c4-49f9-9bc3-c86627d2a3da;94bfcc17-6c01-49d1-b2ee-6412698b77e3;
ABIB - Deep Clean Foam Cleanser ;;;;;;;;;;Yes;18.00;;No;20.00;No;;No;;;each.each;Yes;2;0;;;;;ABIB;Yes;;https://images.sumup.com/img_61HYJ4CR6H86RS3E681V7K8E6J;;;;;;;Yes;;;;Yes;45;business;47B0012F-9C8A-42DF-BA20-28A479BF2264;F0FA97CC-C3DE-434E-A2E4-7116BF3B89C0;
ABIB - Glutathiosome Creme Vita Tube;;;;;;;;;;Yes;26.00;;No;20.00;No;;No;;;each.each;Yes;5;0;;;;;ABIB;Yes;;https://images.sumup.com/img_7JSKN34YRY98488F3SCVFRB8PF;;;;;;;No;;;;No;45;business;A310654E-AAC5-4E9B-8177-8C2822A6E71A;000F075A-F634-4615-BCA5-F43040544286;
ABIB - Heartleaf Calming Toner;;;;;;;;;;Yes;22.00;;No;20.00;No;;No;;;each.each;Yes;0;2;;;;;ABIB;Yes;;https://images.sumup.com/img_62NW4K7JRN9X5S00W971GP7RG4;;;;;;;Yes;ABIB - Heartleaf Calming Toner;;;No;45;business;09d6800b-217d-4859-8c37-2c8c30b1266a;7f1ec5ea-c582-47cd-a8a6-46d25eed377a;
ABIB - Mild acidic pH sheet mask ;;;;;;;;;;Yes;4.50;;No;20.00;No;;No;;;each.each;Yes;0;2;;;;;ABIB;Yes;Grey;https://images.sumup.com/img_3DEBP3CWHJ89FB93EJ1D0B46QT;;;;;;;Yes;ABIB - Mild acidic pH sheet mask ;;;No;45;business;c02cc539-8339-4387-a7f4-697978e6c38a;283674ef-5bd0-49c2-b17a-33b153bc9140;
ABIB - Patch pour les yeux au collagène; gelée de rose de Jericho;;;;;;;;;;Yes;24.00;;No;20.00;No;24.00;No;;;each.each;Yes;3;2;;12346789537;;;ABIB;Yes;;https://images.sumup.com/img_22JDV94CMJ8KSBJSTM42NB72JQ;;;;;;;Yes;ABIB - Patch pour les yeux au collagène, gelée de rose de Jericho;;;No;45;business;e9f6721f-38d7-4cdf-9707-34bf38490082;708323be-fe71-451f-8c7c-b64a5249e57d
ACE pore cleanser - Greety;;;;;;;;;;Yes;20.50;;No;20.00;No;;No;;;each.each;Yes;2;1;;;;;GREETY;Yes;Grey;https://images.sumup.com/img_284TNSJ9879F4BDHCZABYM32XY;;;;;;;Yes;ACE pore cleanser - Greety;;;Yes;45;business;f557e5c1-033d-4b12-9f7b-4886c1d1cd70;9850a195-b8b9-41ed-8d29-ac9e3973c56b;
ALLIONE - Tea Tree Peeling Gel;;;;;;;;;;Yes;16.50;;No;20.00;;;No;;;each.each;Yes;1;0;;;;;ALLIONE;Yes;;https://images.sumup.com/img_2DS6H5SG1T975B8F6PS8XY05GG;;;;;;;Yes;;;;Yes;45;business;7F5FFD31-8417-41F9-9998-46354422EF4A;99D16815-CFC6-4F37-B05E-BCD3643508A8;
ALLIONE - Vanilla Hibiscus ;;;;;;;;;;Yes;16.50;;No;20.00;;;No;;;each.each;Yes;2;0;;;;;ALLIONE;Yes;;https://images.sumup.com/img_6FYQPANMVC89RAE5NMM7FE0QF2;;;;;;;Yes;;;;Yes;45;business;4314F27E-DD52-4BAB-85CE-0B82CACB9DEF;4CD01A52-C357-4FD2-9560-CD77808D1626;
ANUA - 2% BHA toner - 150ml;;;;;;;;;;Yes;25.00;;No;20.00;No;24.99;No;;;each.each;Yes;4;5;;12346789513;;;ANUA;Yes;Light blue;https://images.sumup.com/img_3CQJT86NAB8S0AY98DQ0TD5DKV;;;;;;;Yes;;;;No;45;business;db291879-f29f-42c2-bf79-132aa8b4efd7;9a062d3c-cff2-421d-bd62-a089c8d31c38;
ANUA - 77% Heartleaf Pads ;;;;;;;;;;Yes;32.00;;No;20.00;No;;No;;;each.each;Yes;2;1;;;;;ANUA;Yes;;https://images.sumup.com/img_7ATXJ6M54Z95YB2FTSSBT9PBVM;;;;;;;Yes;;;;Yes;45;business;9CC110BE-13A3-420F-8BDB-85F0AFF07358;657346A6-FF0D-42D8-83CE-38AC348F0404;
ANUA - 8 Gel nettoyant doux hydratant - l'acide hyaluronique - 150ml;;;;;;;;;;Yes;15.00;;No;20.00;No;15.00;No;;;each.each;Yes;0;2;;12346789526;;;ANUA;Yes;Light green;https://images.sumup.com/img_4BFAZXYWJ185J81RQHT0W4JVB8;;;;;;;Yes;;;;No;45;business;cdf8ac47-faa9-4c32-bdd1-cd1721e3c8e7;eea61e39-5803-4939-9811-37218a86ff92;
ANUA - Azelaic 10 Hyaluron Redness Soothing Pad;;;;;;;;;;Yes;26.50;;No;20.00;No;;No;;;each.each;Yes;0;0;;;;;ANUA;Yes;Dark green;https://images.sumup.com/img_2YDV0GYYYN9SRA4VWBXPVYKPEM;;;;;;;Yes;;;;Yes;45;business;839B3E21-573A-474E-A04F-C5E4989E33DF;088369BB-C811-4127-B09D-4F3350A50A72;
ANUA - Green Lemon Vita C Blemish Serum ;;;;;;;;;;Yes;34.90;;No;20.00;No;24.50;No;;;each.each;Yes;2;2;;12346789495;;;ANUA;Yes;Light green;https://images.sumup.com/img_13P08DA4KJ8MG9P2JK85KBPFW0;;;;;;;Yes;;;;No;45;business;d8a4561c-7593-4bc3-b22e-16b66fec0ba2;4a7864b0-c1d3-4efb-bc27-96702a714a4d;
ANUA - Heartleaf + LHA Moistue Pelling Gel;;;;;;;;;;Yes;20.90;;No;20.00;No;21.90;No;;;each.each;Yes;1;0;;12346789542;;;ANUA;Yes;Light green;https://images.sumup.com/img_6S67DVJXTD8ZA9MSR2Z2YDJWHH;;;;;;;Yes;;;;No;45;business;580e3cfd-07d3-4536-b67e-6a837a5a903c;fd5f0618-14d6-4dbb-85f9-c28c071c991a;
ANUA - Heartleaf 77% Soothing Toner;;;;;;;;;;Yes;25.00;;No;20.00;No;25.00;No;;;each.each;Yes;0;2;;12346789500;;;ANUA;Yes;Light green;https://images.sumup.com/img_1S3B625XT59PMRXZ63M6MF39J1;;;;;;;Yes;ANUA - Heartleaf 77% Soothing Toner;;;No;45;business;7b2458bf-721b-488d-bf43-25c5cb6bb9e1;165486c7-ff34-4368-8bd0-71983cd05c92;
ANUA - Heartleaf 80% Moisture Soothing Ampoule;;;;;;;;;;Yes;28.90;;No;20.00;No;28.90;No;;;each.each;Yes;3;2;;12346789485;;;ANUA;Yes;Light green;https://images.sumup.com/img_6J9KX8W5PJ9STRQP4811ZRN58X;;;;;;;Yes;ANUA - Heartleaf 80% Moisture Soothing Ampoule;;;No;45;business;b4ce91ca-3775-455f-92ff-1fc2d5b9eb01;67efea56-a016-4ded-9569-e1053271c9b3;
ANUA - Heartleaf Quercetinol Pore Deep Cleansing Foam;;;;;;;;;;Yes;18.00;;No;20.00;No;18.00;No;;;each.each;Yes;2;2;;12346789478;;;ANUA;Yes;Light green;https://images.sumup.com/img_7ES5ZZQ0SM9T6RH1CCHQH7F2R3;;;;;;;Yes;;;;No;45;business;e13ee4cf-3787-4fd1-8694-05cee08b8319;42e4477a-b452-4d5a-91cd-a609647c204d;
ANUA - Heartleaf red spot cream;;;;;;;;;;Yes;18.00;;No;20.00;No;;No;;;each.each;Yes;1;0;;;;;ANUA;Yes;;https://images.sumup.com/img_3F9FDA7AMJ801VJQM2DXRDAD9N;;;;;;;Yes;ANUA - Heartleaf red spot cream;;;Yes;45;business;d65a0cfc-4594-45cf-8767-6223fde608cf;cb875656-2273-40b8-8637-eaa32bd37787;
ANUA - Huile nettoyante Heartleaf Pore Control - 200ml;;;;;;;;;;Yes;20.00;;No;20.00;No;20.00;No;;;each.each;Yes;1;0;;12346789539;;;ANUA;Yes;Light green;https://images.sumup.com/img_61A94A54AX9YNTH52PKH3D16J1;;;;;;;Yes;;;;No;45;business;e76bcbe5-6198-443e-bfcd-cb9c0f4fb7e6;9e43e9d6-1d92-452a-a147-2a6b8dde21df;
ANUA - Intense Calming Cream;;;;;;;;;;Yes;27.00;;No;20.00;No;;No;;;each.each;Yes;0;0;;;;;ANUA;Yes;Dark green;https://images.sumup.com/img_2MWNG3NKAM8A48WAEH068K2JVN;;;;;;;No;;;;No;45;business;06BC61E5-BDAC-460B-AE1C-61647538905A;1B44C3EA-B12B-4640-92FC-0D90D15784FC;
ANUA - Niacinamide 5 TXA Brightening Pad;;;;;;;;;;Yes;23.90;;No;20.00;No;;No;;;each.each;Yes;3;0;;;;;ANUA;Yes;;https://images.sumup.com/img_2R22X9TVPG90BAF7H46JBEC05E;;;;;;;Yes;;;;Yes;45;business;2C5FE0BD-A3AB-4DD3-AFF1-9C03369570F6;68803379-672F-42C1-966A-45F435427B31;
ANUA - Niacinamide10% + TXA 4% Sérum Anti-Taches - 30ml;;;;;;;;;;Yes;25.50;;No;20.00;No;24.00;No;;;each.each;Yes;5;2;;12346789545;;;ANUA;Yes;Light green;https://images.sumup.com/img_4QDWRPVSQT8RD8QWTDX04JEH0W;;;;;;;Yes;;;;No;45;business;e15066e4-3ddb-4028-a880-a2c1e798a9e0;39a20b9e-b758-418b-8905-ba2982b65d90;
ANUA - Peach 77% Niacin Essence Toner;;;;;;;;;;Yes;24.00;;No;20.00;No;24.00;No;;;each.each;Yes;2;2;;12346789502;;;ANUA;Yes;Light green;https://images.sumup.com/img_5SW19V4VPE89S92747FC688RVT;;;;;;;Yes;ANUA - Peach 77% Niacin Essence Toner;;;No;45;business;08885b18-cd2c-427b-8e3c-daff222ffbad;a701639a-cf11-40b4-8ee7-6eb6f0cea28f;
ANUA - Poudre nettoyante éclaircissante aux enzymes de riz - 40g;;;;;;;;;;Yes;21.00;;No;20.00;No;21.00;No;;;each.each;Yes;0;2;;12346789490;;;ANUA;Yes;Light green;https://images.sumup.com/img_18TMKBXD7D9Y3RVWSPG8Q61V83;;;;;;;Yes;;;;No;45;business;289895fe-715e-4f33-b696-91ecd8ebf05a;92ff93b6-3659-4bb0-b2c5-ec7512ef3b5d;
ANUA - Rice 70 Glow Milky Toner;;;;;;;;;;Yes;20.00;;No;20.00;No;21.00;No;;;each.each;Yes;6;2;;12346789538;;;ANUA;Yes;Light green;https://images.sumup.com/img_4Z6RZBY962976TGWWXHJA247JX;;;;;;;Yes;ANUA - Rice 70 Glow Milky Toner;;;No;45;business;cd003642-5caa-42af-be53-8f806a320dd6;af2feea7-c45b-4515-9cc9-f775c82bc7f0;
ANUA - Zero Cast Moisturising Finish Sunscreen;;;;;;;;;;Yes;23.99;;No;20.00;No;;No;;;each.each;Yes;0;0;;;;;ANUA;Yes;Dark green;https://images.sumup.com/img_4JM37SAJPW9JVSCWQQJ484JDMH;;;;;;;No;;;;No;45;business;E40D7287-9B95-492E-9364-C783CDD00BB6;8885E736-4F3A-48F4-894C-5DA011C7BE51;
ANUA - masque vita C et E;;;;;;;;;;Yes;4.50;;No;20.00;No;;No;;;each.each;Yes;5;0;;;;;ANUA;Yes;Yellow;https://images.sumup.com/img_7ZMV5PSJKC8H3RQ97Z294H3KC0;;;;;;;Yes;Anua masque vita C et E;;;Yes;45;business;d3f2db7d-41b2-43a4-9e3c-0e09248c5cab;fed9cc04-8d7f-44c7-bf67-3e5741eaf0b3;
APLB - Sérum en ampoule de glutathion niacinamide - 40ml;;;;;;;;;;Yes;17.00;;No;20.00;;;No;;;each.each;Yes;5;2;;;;;APBL;Yes;;https://images.sumup.com/img_5693WK7RSA9Z0BPM8MFAW11TJM;;;;;;;Yes;;;;Yes;45;business;2348D866-3B36-4416-B0C5-511B095DE2BA;ECFD5BA1-8A43-4538-8BD7-029F6BD7E071;
ARENCIA- Mochi cleanser;;;;;;;;;;Yes;22.90;;No;20.00;No;;No;;;each.each;Yes;4;0;;;;;Arencia;Yes;;https://images.sumup.com/img_6WGQWRNAMK9XQVTNB3C8AJBNWT;;;;;;;Yes;ARENCIA- Mochi cleanser;;;Yes;45;business;9633549b-46a4-4603-9f9a-0b3137b59d34;7d9f4c13-b996-41b2-ad61-1d581e57d109;
AXIS - Y - Mugwort Pore Clarifying Wash Off Pack;;;;;;;;;;Yes;20.00;;No;20.00;No;;No;;;each.each;Yes;1;0;;;;;AXIS-Y;Yes;;https://images.sumup.com/img_52R6CZBV2N9MFBA51FD45N91Y9;;;;;;;Yes;;;;Yes;45;business;3A64225A-4F50-4ABD-83DF-8135EBD2E127;0DA538D0-6576-414C-8BF0-17D77FED2E6E;
AXIS-Y Mugwort Green Vital Energy Complex Sheet Mask 27ml;;;;;;;;;;Yes;4.00;;No;20.00;;;No;;;each.each;Yes;9;0;;;;;AXIS-Y;Yes;;https://images.sumup.com/img_0891WGBCTA93JV0DE2ED790M6R;;;;;;;Yes;;;;Yes;45;business;B82644D9-4CF6-4FF6-9727-B6BF1858189D;64D6C10A-1E22-4BE1-99D3-C77961502F7B;
Abib Glutathione Toner;;;;;;;;;;Yes;23.00;;No;20.00;No;;No;;;each.each;Yes;3;0;;;;;ABIB;Yes;Orange;https://images.sumup.com/img_0VDW4BX5NB9WWBPXYSHDXC8HXB;;;;;;;Yes;Abib Glutathione Toner;;;Yes;45;business;15912bb4-1a99-4061-9be3-51274a5aa792;b3e229fb-9392-4770-bc80-05331f267832;
Abib dark spot serum;;;;;;;;;;Yes;20.90;;No;20.00;No;;No;;;each.each;Yes;2;0;;;;;ABIB;Yes;;https://images.sumup.com/img_43N97EK34G9VMSNVAPKT406T33;;;;;;;Yes;Abib dark spot serum;;;Yes;45;business;81c7bcac-ae3e-4ff0-9839-76508505a08f;63f66c64-62cb-407d-aa69-3841d3e5da2f;
Abib firm serum;;;;;;;;;;Yes;26.50;;No;20.00;No;;No;;;each.each;Yes;4;0;;;;;ABIB;Yes;;https://images.sumup.com/img_0FVP7BH8SM81Y8QFB2WJ9Q5KF8;;;;;;;Yes;Abib firm serum;;;Yes;45;business;9ef1c5d4-1785-40be-bbe7-11a52007a797;ecde1326-dd9a-4477-907b-6d107518083b;
Abib heartleaf teca ;;;;;;;;;;Yes;22.99;;No;20.00;No;;No;;;each.each;Yes;1;0;;;;;ABIB;Yes;;https://images.sumup.com/img_32HPK5HZW79VB86K619HZK6GF6;;;;;;;Yes;Abib heartleaf teca ;;;Yes;45;business;89b63719-1992-43a2-812c-7a997a0f9136;0e32a5de-99d2-47e3-8ef4-2f9745341f74;
Abib masque peel off anti tache ;;;;;;;;;;Yes;22.99;;No;20.00;No;;No;;;each.each;Yes;2;0;;;;;ABIB;Yes;;https://images.sumup.com/img_5XCW9G2HSQ9FTV9CSMW82JYSGY;;;;;;;Yes;Abib masque peel off anti tache ;;;Yes;45;business;82e88182-cb4b-4e38-8af1-0f34b00cacc9;72536c97-8744-4ccb-9ae8-f97b3e953563;
Abib pdrn collagen lip;;;;;;;;;;Yes;16.75;;No;20.00;No;;No;;;each.each;Yes;3;0;;;;;ABIB;Yes;Pink;https://images.sumup.com/img_7VC6Z12Z1B9469NKFV86HPKF83;;;;;;;Yes;Abib pdrn collagen lip;;;Yes;45;business;de1c5b20-2b25-4bfa-b6a7-e084d75fa7ca;52ff9527-424f-4629-928c-592bddf23663;
Abib pore cleansing oil;;;;;;;;;;Yes;22.00;;No;20.00;No;;No;;;each.each;Yes;4;0;;;;;ABIB;Yes;;https://images.sumup.com/img_2C4CJ39GHH9B18KRWWQ5D40A14;;;;;;;Yes;Abib pore cleansing oil;;;Yes;45;business;207eeb27-9575-496b-8d7a-1be7141d4327;71957f67-1b14-4dbc-aabf-6a03f2ed2816;
Advanced Clinicals glycolic+lactic acid body cream;;;;;;;;;;Yes;25.00;;No;20.00;No;;No;;;each.each;Yes;2;1;;;;;Advanced clinicals;Yes;Purple;https://images.sumup.com/img_62FYGH6E6J9A0ADRK1TR61Y1X3;;;;;;;Yes;Advanced Clinicals glycolic+lactic acid body cream;;;Yes;45;business;a8903db8-3677-4200-89aa-15e3ffa41fc1;fb1ac581-f201-431c-86ed-b1104cf17611;
Advanced clinicals hyaluronic acid body cream;;;;;;;;;;Yes;25.00;;No;20.00;No;;No;;;each.each;Yes;2;1;;;;;Advanced clinicals;Yes;Purple;https://images.sumup.com/img_5ZQJFD9SPC900AEPPM2R1CNQNW;;;;;;;Yes;Advanced clinicals hyaluronic acid body cream;;;Yes;45;business;bbc5a009-064f-4182-80d8-ef8907281f41;5c6cddf8-a51e-4f4c-8362-3d1a27eb69a9;
Advanced clinicals vitamin C brightening cream;;;;;;;;;;Yes;25.00;;No;20.00;No;;No;;;each.each;Yes;0;1;;;;;Advanced clinicals;Yes;Orange;https://images.sumup.com/img_0BR290EFEF89F8J694F3S3EE96;;;;;;;Yes;Advanced clinicals vitamin C brightening cream;;;Yes;45;business;1d08669d-cbe7-4dde-a8a0-77247a2e56c1;d5dd3d40-5078-4100-9386-2db90d0e25e7;
Aestura hydro Ampoule ;;;;;;;;;;Yes;32.00;;No;20.00;No;;No;;;each.each;Yes;0;0;;;;;Aestura;Yes;Dark blue;https://images.sumup.com/img_3M0JWQPBCT83MV3R5EXZ1PY297;;;;;;;Yes;Aestura hydro Ampoule ;;;Yes;45;business;8642205f-9e08-4919-afde-bd2110328728;1c201b3a-028f-4246-89f8-7ee9cbb77338;
Aestura hydro essence;;;;;;;;;;Yes;31.50;;No;20.00;No;;No;;;each.each;Yes;3;0;;;;;Aestura;Yes;;https://images.sumup.com/img_70GYH2C7T290KRTQ6PCSY2N0JS;;;;;;;Yes;Aestura hydro essence;;;Yes;45;business;d6755134-6ec3-4b66-bd3f-97c16e77a05f;b0da6c8c-cf00-4917-9ae6-97fbcfcdbd60;
Aestura hydro soothing cream;;;;;;;;;;Yes;31.50;;No;20.00;No;;No;;;each.each;Yes;2;0;;;;;Aestura;Yes;Dark blue;https://images.sumup.com/img_0RRPG0ZZ5V9M88DCDZRN34NNB5;;;;;;;Yes;Aestura hydro soothing cream;;;Yes;45;business;3b15b417-c2fa-400e-81cc-146bb7461c0f;dab4f9a9-f89d-46ef-be25-52127ebf7030;
Anua PDRN cleansing foam;;;;;;;;;;Yes;23.90;;No;20.00;No;;No;;;each.each;Yes;0;0;;;;;A'pieu;Yes;Grey;https://images.sumup.com/img_2JAP87P63380Z856A85J5PSDH7;;;;;;;Yes;Anua PDRN cleansing foam;;;Yes;45;business;2df49833-69bb-4d31-baa7-a5d92a7babd0;ad9e1582-325a-44fc-81a1-e0f702c25727;
Anua PDRN+HYALURON sérum ;;;;;;;;;;Yes;25.99;;No;20.00;No;;No;;;each.each;Yes;2;0;;;;;ANUA;Yes;Light blue;https://images.sumup.com/img_7R2JFM37SN8M1AV81188YD4WNM;;;;;;;Yes;Anua PDRN+HYALURON sérum ;;;Yes;45;business;2c459fa0-6487-405c-9cc5-0333d7175792;2ee9e42d-74c2-4e72-916c-034ff3cca28c;
Anua Rice Céramique serum;;;;;;;;;;Yes;21.99;;No;20.00;No;;No;;;each.each;Yes;2;0;;;;;ANUA;Yes;Orange;https://images.sumup.com/img_6TKPGEXJ409B28ZSX44VPBB8NJ;;;;;;;Yes;Anua Rice Céramique serum;;;Yes;45;business;8bf44a04-0eff-4d3b-a311-495cf25a4e00;794a071b-4e77-4c66-8ecf-fd09bb91fb4c;
Anua Rice Milk glow toner 150 ml;;;;;;;;;;Yes;20.50;;No;20.00;No;;No;;;each.each;Yes;1;0;;;;;ANUA;Yes;Orange;https://images.sumup.com/img_16NEGN3H5S98HTN022KZ9BT752;;;;;;;Yes;Anua Rice Milk glow toner 150 ml;;;Yes;45;business;e63fa20b-81e1-463b-bc9d-8c7eaa41dda6;48fad420-fcfe-4d4d-9639-77e78375d340;
Anua acid 3 + cica Toner;;;;;;;;;;Yes;23.99;;No;20.00;No;;No;;;each.each;Yes;1;0;;;;;ANUA;Yes;Light green;https://images.sumup.com/img_62EPXDRXJX8CQVK3S93GTAD3W5;;;;;;;Yes;Anua acid 3 + cica Toner;;;Yes;45;business;fea5f38b-bf62-4e1c-a9c8-a43191cdc4b7;342f6567-b373-440d-9dff-5fdbad43a689;
Anua heartleaf + BHA. Cleansing foam;;;;;;;;;;Yes;22.99;;No;20.00;No;;No;;;each.each;Yes;1;0;;;;;A'pieu;Yes;;https://images.sumup.com/img_3PH06F2VXS8YR85VJEMBHN4T2N;;;;;;;Yes;Anua heartleaf + BHA. Cleansing foam;;;Yes;45;business;6b20f20c-8c56-4a7e-a717-5ef551dea462;b99dc3ac-22e4-4fb7-9489-f99ef0fd27ca;
Anua heartleaf masque ;;;;;;;;;;Yes;21.00;;No;20.00;No;;No;;;each.each;Yes;9;0;;;;;ANUA;Yes;Dark green;https://images.sumup.com/img_4FBXJKDXF580ZT0QPGSVAZ4VNW;;;;;;;Yes;Anua heartleaf masque ;;;Yes;45;business;2f7c9312-0513-4199-b7f0-ecab05dd6c5b;5d2aabcf-a3c9-43b0-ac84-2bd4bb3bc44c;
Anua heartleaf peeling gel ;;;;;;;;;;Yes;18.50;;No;20.00;No;;No;;;each.each;Yes;3;0;;;;;ANUA;Yes;;https://images.sumup.com/img_3733CTW2EA9E4TQCJXY0QQBEVR;;;;;;;Yes;Anua heartleaf peeling gel ;;;Yes;45;business;1a29a46d-39f3-4d35-8038-4d6eb1b4e4da;8dfe8182-7267-485c-879a-b4f4380d06a7;
Anua heartleaf+succinic acid;;;;;;;;;;Yes;22.75;;No;20.00;No;;No;;;each.each;Yes;4;0;;;;;ANUA||A'pieu;Yes;;https://images.sumup.com/img_0M42BE059G8GSATME8WD92DSND;;;;;;;Yes;Anua heartleaf+succinic acid;;;Yes;45;business;7be2c37c-e435-4d67-8e8e-1f89004e5cea;8525dd00-d78d-4eed-82f4-02c64df7f304;
Anua patch ;;;;;;;;;;Yes;15.50;;No;20.00;No;;No;;;each.each;Yes;1;0;;;;;ANUA;Yes;Light green;https://images.sumup.com/img_2RS22TBXJY9769K2ETXK8S450T;;;;;;;Yes;Anua patch ;;;Yes;45;business;2330e3f0-cb64-4582-9b15-c6846ba50342;c781556b-2715-4ac1-93e7-54427874f44a;
Anua patch aha+bha +pha ;;;;;;;;;;Yes;15.00;;No;20.00;No;;No;;;each.each;Yes;5;0;;;;;ANUA;Yes;;https://images.sumup.com/img_4QNYWYHHWD81DS3C0PJ9R1YZ6C;;;;;;;Yes;Anua patch aha+bha +pha ;;;Yes;45;business;366532b3-f5dc-493a-b2e2-f6a37bb4162e;7d82245b-5d31-4678-99bf-4d6161dda5f2;
Anua peach+niacin serum;;;;;;;;;;Yes;24.50;;No;20.00;No;;No;;;each.each;Yes;3;0;;;;;ANUA;Yes;Pink;https://images.sumup.com/img_78ZGVJWN0S9AWR6ZZ5S4R2W0W7;;;;;;;Yes;Anua peach+niacin serum;;;Yes;45;business;c1d8a9d9-d6e2-45d4-bf6b-56a15f13d706;944d1bc7-4848-43ed-a232-670633bd930e;
Anua serum 70+;;;;;;;;;;Yes;22.50;;No;20.00;No;;No;;;each.each;Yes;3;0;;;;;ANUA;Yes;Dark blue;https://images.sumup.com/img_0D86AEZQ1T8F1RET69D817Z8ZS;;;;;;;Yes;Anua serum 70+;;;Yes;45;business;ee498d1a-7847-48c3-80cb-e69c826172fc;9ec75878-808b-41d3-8ad9-3c7bde854188;
Anua serum azelaic;;;;;;;;;;Yes;25.00;;No;20.00;No;;No;;;each.each;Yes;3;0;;;;;ANUA;Yes;;https://images.sumup.com/img_2A9J5E6A0H8JJRN9GHXNQKZZDC;https://images.sumup.com/img_3MPS544DB5895854BTXTHDJRB8;;;;;;Yes;Anua serum azelaic;;;Yes;45;business;78fe7721-f985-4bec-9bac-8737d621fb3c;77465318-c816-4a86-b7a2-c18dcc918c4b;
Anua sun cream;;;;;;;;;;Yes;24.80;;No;20.00;No;;No;;;each.each;Yes;4;0;;;;;ANUA;Yes;;https://images.sumup.com/img_53TKA7MSW08JVB96PHNS3MJ17J;https://images.sumup.com/img_6JKQ63DGHW9RJAMZ8GETM59QD5;;;;;;Yes;Anua sun cream;;;Yes;45;business;1799d40b-b834-4910-8633-3880fe3b6d4e;3ba8fdcd-44db-4f15-b8cc-c88ae433d6d5;
Anua toner birch 70;;;;;;;;;;Yes;21.60;;No;20.00;No;;No;;;each.each;Yes;3;0;;;;;ANUA;Yes;;https://images.sumup.com/img_3PQP2RR9YM80ZBDVH6SQE0Q2GR;;;;;;;Yes;Anua toner birch 70;;;Yes;45;business;a4195bf3-5e19-4193-95e8-1d8ec211b666;466944b8-8c25-415e-96f8-7de993a1216b;
Aprilskin  carotène cream body;;;;;;;;;;Yes;20.00;;No;20.00;No;;No;;;each.each;Yes;3;0;;;;;Aprilskin;Yes;Orange;https://images.sumup.com/img_1HRQK6P7V98A1SVQ33X4PSYHFT;;;;;;;Yes;Aprilskin  carotène cream body;;;Yes;45;business;c588bca4-8124-48f3-9df5-7d9f0e30af5a;4e7b61c5-eddb-456d-a527-517b758279ed;
Aprilskin carrotene clarifying cream;;;;;;;;;;Yes;19.99;;No;20.00;No;;No;;;each.each;Yes;2;0;;;;;Aprilskin;Yes;Orange;https://images.sumup.com/img_2W5Z68CVHK8CVTT4QD26JC1NKF;;;;;;;Yes;Aprilskin carrotene clarifying cream;;;Yes;45;business;c5201e56-7763-4877-a0cf-940156f09956;3c30570d-99b3-43f4-b7a1-e6ae70b12e1a;
Aprilskin carrotene clearing solution;;;;;;;;;;Yes;16.50;;No;20.00;No;;No;;;each.each;Yes;4;0;;;;;Aprilskin;Yes;Orange;https://images.sumup.com/img_0Y31P9G2GN90PR58RECS4T8KQG;;;;;;;Yes;Aprilskin carrotene clearing solution;;;Yes;45;business;222c30fa-7666-4a8b-ac9f-331d6d2a6938;0de55da1-2779-4f07-afea-544382fea681;
Aprilskin cleanser carotène ;;;;;;;;;;Yes;20.50;;No;20.00;No;;No;;;each.each;Yes;7;0;;;;;Aprilskin;Yes;;https://images.sumup.com/img_3D8VJQMEK19QRVKNRWJP34GF73;;;;;;;Yes;Aprilskin cleanser carotène ;;;Yes;45;business;e015868c-8162-471c-ad4f-6cf585d0ab61;c36ee3a2-1773-46ea-9b41-a06ca9573fdc;
Aprilskin cleanser niacinamide ;;;;;;;;;;Yes;22.50;;No;20.00;No;;No;;;each.each;Yes;0;0;;;;;Aprilskin;Yes;Pink;https://images.sumup.com/img_0MPXTQSHMG9239FPBV3QY6Z6JF;;;;;;;Yes;Aprilskin cleanser niacinamide ;;;Yes;45;business;2a20fdf3-18b0-4a84-a476-881e4bb6a28d;195d47fc-e362-41fa-a9ea-ed796df273bf;
Aprilskin mask carrotene;;;;;;;;;;Yes;22.00;;No;20.00;No;;No;;;each.each;Yes;4;0;;;;;Aprilskin;Yes;;https://images.sumup.com/img_3GEZYRHV269AWRHK3N9FAGMKZM;;;;;;;Yes;Aprilskin mask carrotene;;;Yes;45;business;bf549b30-785f-40b5-903d-8c339e750f58;577554cc-9ac9-4f6c-bb3a-3a01b39c33ec;
Aprilskin serum carrotene ;;;;;;;;;;Yes;24.99;;No;20.00;No;;No;;;each.each;Yes;1;0;;;;;Aprilskin;Yes;;https://images.sumup.com/img_43V2G0DT5S9C09TVFPT1CHXK75;;;;;;;Yes;Aprilskin serum carrotene ;;;Yes;45;business;783515d3-2232-47a0-a04e-f4e07bb90c03;e32fed01-3e41-4497-a5c2-e6ee37c63f75;
Aprilskin wrapping skin;;;;;;;;;;Yes;23.50;;No;20.00;No;;No;;;each.each;Yes;2;0;;;;;Aprilskin;Yes;;https://images.sumup.com/img_6M1N1MY1FD9SGAKR1B6ARC057Y;;;;;;;Yes;Aprilskin wrapping skin;;;Yes;45;business;7a2564f2-8e48-4f81-aaac-00293e4cf306;d370b9a9-8ac7-4563-81c4-77b13c4d9338;
Arencia pore melt mochi oil;;;;;;;;;;Yes;22.00;;No;20.00;No;;No;;;each.each;Yes;0;0;;;;;Arencia;Yes;Light green;https://images.sumup.com/img_0CFZSHS57P9ZV9X6B7FJMH0N4J;;;;;;;Yes;Arencia pore melt mochi oil;;;Yes;45;business;c73c1d10-fa48-4540-b611-b9168ab34bef;e87c206e-d930-40e8-b2be-ef8e4a53c1fa;
Arencia rice mochi cleanser;;;;;;;;;;Yes;20.00;;No;20.00;No;;No;;;each.each;Yes;2;0;;;;;Arencia;Yes;Pink;https://images.sumup.com/img_2RFHHMK19R8WXT0T7VDS9D29J5;;;;;;;Yes;Arencia rice mochi cleanser;;;Yes;45;business;c7280ad8-52e8-4010-b1fe-d981ded9b00d;a3d3078d-c441-4a94-9687-f22a3d1d5dc9;
Aromatica lotion néroli et patchouli;;;;;;;;;;Yes;25.99;;No;20.00;No;;No;;;each.each;Yes;3;0;;;;;Aromatica;Yes;Pink;https://images.sumup.com/img_7Y0XM866RQ87ZATNX5XFN0TTX8;;;;;;;Yes;Aromatica lotion néroli et patchouli;;;Yes;45;business;a0c3f79a-612a-4ca6-87d5-2acecb8f7d27;f3ec5b85-4f00-4691-8975-ed585238b2a2;
Aromatica rosemary 3en1;;;;;;;;;;Yes;19.75;;No;20.00;No;;No;;;each.each;Yes;3;0;;;;;Aromatica;Yes;Light green;https://images.sumup.com/img_4Y21D47W4T8FC855TZTN9GEWD6;;;;;;;Yes;Aromatica rosemary 3en1;;;Yes;45;business;1ae27aa5-bc5b-4081-8d1e-29d389ace6f8;43fb3d36-2030-4c19-9993-8f0fb76843e6;
Aromatica shampoo rosemary;;;;;;;;;;Yes;19.00;;No;20.00;No;;No;;;each.each;Yes;4;0;;;;;Aromatica;Yes;Light green;https://images.sumup.com/img_2SW5E6B1NH9FYB3V3E3PNW47A1;;;;;;;Yes;Aromatica shampoo rosemary;;;Yes;45;business;732249c2-0f6f-41cc-a8b5-1a6a87ec5353;1f770cfe-9e54-4217-acec-15546f6eb323;
Aromatica tea tree shampoo;;;;;;;;;;Yes;19.50;;No;20.00;No;;No;;;each.each;Yes;4;0;;;;;Aromatica;Yes;Dark blue;https://images.sumup.com/img_2PC0MR5JFK9X891889XH7DYGYQ;;;;;;;Yes;Aromatica tea tree shampoo;;;Yes;45;business;400ddd0b-e6f4-476a-94c4-b60e76127f08;69f4dbb6-d42d-46a1-8c9f-ba95c0149004;
BEAUTY OF JEOSEON - Calming Serum: Green Tea + Panthenol - Apaisement et hydratation renforcés;;;;;;;;;;Yes;19.50;;No;20.00;No;19.50;No;;;each.each;Yes;3;2;;12346789493;;;BEAUTY OF JEOSON;Yes;;https://images.sumup.com/img_79A576H8R48WWS8VWJFMPEWSJT;;;;;;;Yes;BEAUTY OF JEOSEON - Calming Serum: Green Tea + Panthenol - Apaisement et hydratation renforcés;;;No;45;business;289a168e-bc8a-4617-a510-18e5a2e8de3c;a2f0ad5d-dd11-455f-9e35-e72793cee99c;
BEAUTY OF JEOSEON - Crème Dynasty Cream;;;;;;;;;;Yes;25.99;;No;20.00;No;25.99;No;;;each.each;Yes;0;2;;12346789487;;;BEAUTY OF JEOSON;Yes;;https://images.sumup.com/img_3DY613K5DP9HFB3QHYX8611VVA;;;;;;;Yes;;;;No;45;business;84b1b254-bf0f-48f8-ad3e-f9e15f9a25f9;0c90f283-5073-4699-a9ea-bd2da9860f5a;
BEAUTY OF JEOSEON - Glow Serum Recipe : Rice + Alpha-Arbutin;;;;;;;;;;Yes;22.00;;No;20.00;No;22.00;No;;;each.each;Yes;2;2;;12346789488;;;BEAUTY OF JEOSON;Yes;;https://images.sumup.com/img_5QZ6WZC1W09XRB0ND4N4G8W6DA;;;;;;;Yes;;;;No;45;business;a15bb7ba-08c9-44e5-9916-bb5f86a7a6d4;3c837e1f-6827-4c2f-99d7-3696d83491a4;
BEAUTY OF JEOSEON - Glow Serum: Propolis + Niacinamide - Apaisant et réducteur de pores;;;;;;;;;;Yes;19.50;;No;20.00;No;19.50;No;;;each.each;Yes;1;2;;12346789494;;;BEAUTY OF JEOSON;Yes;;https://images.sumup.com/img_5SHS7M4ABZ8E2R24CX1BSS2189;;;;;;;Yes;;;;No;45;business;1b232306-732b-4873-a589-12d2572c79df;07d8801f-733b-4e77-b101-ae76c5380191;
BEAUTY OF JEOSEON - Green Plum Refreshing Toner: AHA + BHA - Lotion exfoliante;;;;;;;;;;Yes;21.50;;No;20.00;No;20.50;No;;;each.each;Yes;0;2;;12346789498;;;BEAUTY OF JEOSON;Yes;;https://images.sumup.com/img_638X0YVSRQ9X0T5AZDXZB4J9C7;;;;;;;Yes;BEAUTY OF JEOSEON - Green Plum Refreshing Toner: AHA + BHA - Lotion exfoliante;;;No;45;business;6daa28f4-f419-48d0-bbc8-06c6b71bd46f;4db043f6-f0e9-48ef-95dc-3a244995df7b;
BEAUTY OF JEOSEON - Handbag serum discovering kit ;;;;;;;;;;Yes;22.99;;No;20.00;No;27.00;No;;;each.each;Yes;5;2;;12346789506;;;BEAUTY OF JEOSON;Yes;;https://images.sumup.com/img_1TDH13J3TV9Y4T14ZQMZ389XKP;;;;;;;Yes;;;;No;45;business;879067c5-c2aa-4ed3-b310-b1e77ab27898;5312eea3-86f6-4009-b9f5-f21a52f46905;
BEAUTY OF JEOSEON - Huile Démaquillante au Ginseng - 210ml;;;;;;;;;;Yes;22.99;;No;20.00;No;22.99;No;;;each.each;Yes;1;2;;12346789529;;;BEAUTY OF JEOSON;Yes;;https://images.sumup.com/img_7XA3CHDVFN8JCVY2J8M8JBCJW4;;;;;;;Yes;;;;No;45;business;84fc6c0a-92c1-4ec8-8570-b0fe56fc696a;8675d4a4-17a1-4d20-ad50-ea7814e7939b;
BEAUTY OF JEOSEON - Masque en tissus calmant Centella Asiatica ;;;;;;;;;;Yes;2.50;;No;20.00;No;3.00;No;;;each.each;Yes;82;10;;12346789525;;;BEAUTY OF JEOSON;Yes;;https://images.sumup.com/img_6QX1Z0XRJ59NNVHWWZ67ZHVYDP;;;;;;;Yes;;;;No;45;business;c0336fc7-c438-4ced-9237-271c1a3ba28c;a93feaf4-97a6-4b9e-9453-93856f0b8b22;
BEAUTY OF JEOSEON - Masque éclat au riz moulu et au miel - 150ml;;;;;;;;;;Yes;21.00;;No;20.00;No;21.00;No;;;each.each;Yes;1;2;;12346789536;;;BEAUTY OF JEOSON;Yes;;https://images.sumup.com/img_3VA12A1D5H94FSGHXCCZQ5DMFG;;;;;;;Yes;;;;No;45;business;fb1b846c-1ee3-457b-ad3e-4514d0d50b4d;2b91433c-5905-4459-9360-9d187d017af2;
BEAUTY OF JEOSEON - Peeling Gel Abricot;;;;;;;;;;Yes;16.00;;No;20.00;No;16.00;No;;;each.each;Yes;1;2;;12346789477;;;BEAUTY OF JEOSON;Yes;;https://images.sumup.com/img_61038X54999MN87DT09C948N35;;;;;;;Yes;;;;No;45;business;384ee437-cd46-4c09-803f-622c79039fd7;a3e86b97-56f1-4a2b-b845-5a8a1588ff56;
BEAUTY OF JEOSEON - Relief Sun Aqua-Fresh: Rice + B5 SPF50+ - Écran solaire riz & B5;;;;;;;;;;Yes;24.00;;No;20.00;No;21.00;No;;;each.each;Yes;0;2;;12346789543;;;BEAUTY OF JEOSON;Yes;;https://images.sumup.com/img_357PG0WEYX8HG9BDRKVEQV9QH5;;;;;;;Yes;;;;No;45;business;bba5cb6d-d760-4589-8908-5cc4ba8973ba;ceb12ecf-25c6-42c6-ad3d-8e39f47d9e6f;
BEAUTY OF JEOSEON - Relief Sun: Rice + Probiotics SPF50+ - Écran solaire riz & probiotiques;;;;;;;;;;Yes;24.00;;No;20.00;No;21.00;No;;;each.each;Yes;0;2;;12346789544;;;BEAUTY OF JEOSON;Yes;;https://images.sumup.com/img_43WKVRVBFE8H8TYQW4VY35MNCX;;;;;;;Yes;;;;No;45;business;c1d83d76-4f22-44c4-8072-4a2c1cf0bd2e;b86259ee-f590-48fb-a6b9-488bafb7e10c;
BEAUTY OF JEOSEON - Revive Eye Serum : Ginseng + Retinol - 30ml;;;;;;;;;;Yes;19.00;;No;20.00;No;19.00;No;;;each.each;Yes;3;2;;12346789547;;;BEAUTY OF JEOSON;Yes;;https://images.sumup.com/img_42PG99CQZ48KJSSMMWMWVC8931;;;;;;;Yes;;;;No;45;business;21143531-7f9d-4fc9-8c00-d93c65d32671;f6a95c9d-f023-4ceb-8c2f-2e48dd90aef1;
BEAUTY OF JEOSEON - Tonique éclat au lait de riz - 150ml;;;;;;;;;;Yes;22.00;;No;20.00;No;22.00;No;;;each.each;Yes;0;2;;12346789499;;;BEAUTY OF JEOSON;Yes;;https://images.sumup.com/img_15KQVWNE6M9TDVJRMAP7WMVPBE;;;;;;;Yes;;;;No;45;business;afcb6812-3ee1-4f73-b93d-cc178d6350cb;87e4d56e-414b-4408-92d8-3dca92995e1c;
BEAUTY OF JOSEON - Matte Sun Stick;;;;;;;;;;Yes;24.50;;No;20.00;No;;No;;;each.each;Yes;0;0;;;;;BEAUTY OF JEOSON;Yes;;https://images.sumup.com/img_5BNRQ4PSDQ980TZEBPT19KDCFF;;;;;;;Yes;Stick matte sun mugwort et camelai;;;Yes;45;business;ca1436fd-74e2-4de6-8d9f-3c29496df27c;049706e1-3a51-4d46-b363-76cd93796db0;
BEAUTY OF JOSEON - Red Bean Refreshing Pore Mask;;;;;;;;;;Yes;25.92;;No;20.00;No;;No;;;each.each;Yes;0;0;;;;;BEAUTY OF JEOSON;Yes;;https://images.sumup.com/img_77VANDDAK29N99B5E5PME3E0CJ;https://images.sumup.com/img_3NDGQXRYGR9NH80YGMGMG6XVND;;;;;;No;;;;No;45;business;ff4e2a83-18bd-49ab-bc2c-6e6087211003;28501b86-1d8a-4fcc-bbdf-66daee286bef;
BEAUTÉ - AHA BHA Brightening Foam Cleanser;;;;;;;;;;Yes;16.00;;No;20.00;No;;No;;;each.each;Yes;0;0;;;;;BEAUTÉ;Yes;;https://images.sumup.com/img_07PG9PZC7P8B0S1XJMVARKCRF2;;;;;;;No;;;;No;45;business;51E04F77-D97E-49C8-8567-2EFB1B62B169;7EC747BD-4C5B-4484-AE9A-A299A8D4F5BC;
BEAUTÉ - Tea Tree Foam Cleanser ;;;;;;;;;;Yes;16.00;;No;20.00;;;No;;;each.each;Yes;0;0;;;;;BEAUTÉ;Yes;;https://images.sumup.com/img_0SAWFHK34B9VDANC1ZPAR1X6WS;;;;;;;Yes;;;;Yes;45;business;B0BC4091-C0B2-40D9-8F42-0CD7606B8303;029E7B8D-A3FB-444E-A63F-B5D68511F52D;
BIODANCE - Masque Profond Bio Collagen Real Deep (rose) ;;;;;;;;;;Yes;6.50;;No;20.00;No;6.50;No;;;each.each;Yes;6;2;;12346789522;;;BIODANCE;Yes;;https://images.sumup.com/img_39AMZ7EX4A8AV8QBR620E0J14T;;;;;;;Yes;;;;No;45;business;55b739f1-b5b2-4256-8314-4eeb20f71dd4;1cf1b7d2-0a6d-4b8d-a315-f8f5ca06c130;
BIODANCE - Masque Profond Hydro Cera-Nol Real Deep (bleu);;;;;;;;;;Yes;6.00;;No;20.00;No;5.00;No;;;each.each;Yes;3;2;;12346789521;;;BIODANCE;Yes;;https://images.sumup.com/img_47F0JR41JW9MN8BCNWZ2ZF2SFV;;;;;;;Yes;BIODANCE - Masque Profond Hydro Cera-Nol Real Deep (bleu);;;No;45;business;ffab9b0d-7ae1-40ba-be02-fe61b94e35c9;62b63cb8-4dc5-4488-a5fa-2ae1646fb327;
BIODANCE - Masque Profond Radiant Vita Niacinamide Real Deep (jaune);;;;;;;;;;Yes;5.00;;No;20.00;No;5.00;No;;;each.each;Yes;3;2;;12346789523;;<p>niacinamide </p><p>pineapple fruit water</p><p>glutathione </p>;BIODANCE;Yes;;https://images.sumup.com/img_2GY7P58BSY84JVP021PQK3ZVRH;;;;;;;Yes;;;;No;45;business;e2d89f39-2d93-41db-a5bd-1122cf8b076a;71f6458f-66fc-45f4-b2e2-4df1aceca9fc;
BIODANCE - Masque Profond Refreshing Sea Kelp Real Deep (vert);;;;;;;;;;Yes;5.00;;No;20.00;No;6.00;No;;;each.each;Yes;0;2;;12346789520;;;BIODANCE;Yes;;https://images.sumup.com/img_10EB1VH3V98T2TJW2DF85DF3AT;;;;;;;Yes;;;;No;45;business;3fb42243-850c-4002-ab22-25f1cf85bf6a;f1d31ee9-007d-4bca-88a7-1027bbdc7a15;
Beplain masque ;;;;;;;;;;Yes;23.99;;No;20.00;No;;No;;;each.each;Yes;4;0;;;;;Beplain;Yes;Light green;https://images.sumup.com/img_5VCM5D33EA99ASM7NZJBFJ7BFE;;;;;;;Yes;Beplain masque ;;;Yes;45;business;7ffae2dc-32be-4476-86c9-bbfecb007454;a0b5f924-ab7a-4753-a101-c7ec08653add;
Beplain mung bean cleansing oil;;;;;;;;;;Yes;25.00;;No;20.00;No;;No;;;each.each;Yes;1;0;;;;;Beplain;Yes;Light green;https://images.sumup.com/img_3M2J27QX7R8RWAFCGY9DNV8H38;;;;;;;Yes;Beplain mung bean cleansing oil;;;Yes;45;business;6a37cac4-1c2b-42ef-a226-e1e8a1abeac8;8e89eb47-974c-4c3e-98ed-6b6ebf0037ad;
Beplain pore serum;;;;;;;;;;Yes;24.00;;No;20.00;No;;No;;;each.each;Yes;0;0;;;;;Beplain;Yes;;https://images.sumup.com/img_581WWDW2SM9D1SMQN64KFXTSGK;;;;;;;Yes;Beplain pore serum;;;Yes;45;business;679bc4c1-6e8e-4f58-85ec-628eb95b436f;aa899f53-c85c-4387-9909-5feafb28122e;
Beplain serum cicaterol;;;;;;;;;;Yes;22.99;;No;20.00;No;;No;;;each.each;Yes;3;0;;;;;Beplain;Yes;;https://images.sumup.com/img_4SZ84R3ZRT9MJ8P96NRYKP5E54;;;;;;;Yes;Beplain serum cicaterol;;;Yes;45;business;0e5316fd-dd4b-423a-8a6b-9e9720a9deaa;8ce808db-5ec4-46e7-95a8-06c1e9400b09;
Beplain toner cicaterol;;;;;;;;;;Yes;22.99;;No;20.00;No;;No;;;each.each;Yes;3;2;;;;;Beplain;Yes;;;;;;;;;Yes;Beplain toner cicaterol;;;Yes;45;business;fdf2de99-9b9f-449f-8407-61e72b80b727;bff7833b-98fe-4876-9121-6aa546455238;
Bio heal Boh Collagen serum pads;;;;;;;;;;Yes;36.90;;No;20.00;No;;No;;;each.each;Yes;2;1;;;;;Bio heal BOH;Yes;Purple;https://images.sumup.com/img_1CK5JTP7KY9ZZSZ1J6KSENSCN7;;;;;;;Yes;Bio heal Boh Collagen serum pads;;;Yes;45;business;cc8eca89-7bea-471e-800f-3f4402fd3852;d98d930c-dd9d-47a9-a585-19c72aafd45e;
Bio heal Boh Collagen sun cream;;;;;;;;;;Yes;25.00;;No;20.00;No;;No;;;each.each;Yes;4;2;;;;;Bio heal BOH;Yes;Purple;https://images.sumup.com/img_23KNX9YWFV8GWS9SK5S3ZPBHAF;;;;;;;Yes;Bio heal Boh Collagen sun cream;;;Yes;45;business;d0503d1e-90e6-4597-acc3-bb4081d0c2fe;ee87a1d8-bcea-46dc-8d4a-0f99f9e2d895;
Biodance  pdrn ;;;;;;;;;;Yes;6.50;;No;20.00;No;;No;;;each.each;Yes;35;0;;;;;BIODANCE;Yes;Purple;https://images.sumup.com/img_137ZKF5BVW9X3SN2R6PRQVKYM6;;;;;;;Yes;Biodance  pdrn ;;;Yes;45;business;9915b747-ed41-4f02-a97b-64224f3833f1;7e1d67a4-fd1f-4bd5-8274-82d5c0c9b75a;
Bioheal Boh probioderm collagen cream;;;;;;;;;;Yes;38.75;;No;20.00;No;;No;;;each.each;Yes;3;0;;;;;Bio heal BOH;Yes;Purple;https://images.sumup.com/img_5288063S948EWTP1CGZWEKVSR9;;;;;;;Yes;Bioheal Boh probioderm collagen cream;;;Yes;45;business;1daad5f6-1caf-444b-b71a-d3f3335a4cda;0a297169-c895-4e53-b381-f6d03c8668ba;
CELIMAX - Pore + Dark Spot Brightening Pad;;;;;;;;;;Yes;19.90;;No;20.00;;;No;;;each.each;Yes;1;0;;;;;CELIMAX;Yes;;https://images.sumup.com/img_619QMZ2BD79T7R48KGGSGX4S2W;;;;;;;Yes;;;;Yes;45;business;D9091360-4045-4923-BFAB-BE22014ABC07;CB9B9CCA-5C70-40BA-9C60-5A8A1CF313A4;
COSRX - AHA-7 Whitehead power liquid;;;;;;;;;;Yes;19.90;;No;20.00;No;20.00;No;;;each.each;Yes;2;2;;12346789491;;;COSRX;Yes;Pink;https://images.sumup.com/img_36BAA4H1W19PHATCZV61QZ56VP;;;;;;;Yes;;;;No;45;business;58236522-e9fc-414c-be51-94906cca29ac;1f80714e-7b0e-4cb4-8297-7f02dde537bc;
COSRX - Advanced Snail 92 All In One Cream - 100 ml;;;;;;;;;;Yes;21.50;;No;20.00;No;18.50;No;;;each.each;Yes;0;2;;12346789528;;;COSRX;Yes;Pink;https://images.sumup.com/img_3R3T1CYHH595F8SFRE7W07YTZP;;;;;;;Yes;COSRX - Advanced Snail 92 All In One Cream - 100 ml;;;No;45;business;83dfe583-8275-45fb-ac42-908ff4fda41f;1a833b0c-de88-4661-8118-556bdc1c7d5f;
COSRX - Advanced Snail 96 Mucin Power Essence - 100ml;;;;;;;;;;Yes;20.00;;No;20.00;No;15.00;No;;;each.each;Yes;2;2;;12346789504;;;COSRX;Yes;Pink;https://images.sumup.com/img_39S5YMR2BY900SWM1C7AENGFJA;;;;;;;Yes;;;;No;45;business;97e49b7a-244a-45de-8e78-6f7431cb5ac1;4879ae28-b823-4977-b23d-20250efc3edc;
COSRX - BHA Blackhead Power Liquid;;;;;;;;;;Yes;23.50;;No;20.00;;;No;;;each.each;Yes;3;0;;;;;COSRX;Yes;;https://images.sumup.com/img_3KTPJZP0RK8FP876RH387D346G;;;;;;;Yes;;;;Yes;45;business;6AB7643C-2DBF-429C-AA80-5C7F4C36F93B;2C162D28-E079-4F3D-84D6-87554D93E899;
COSRX - Masque spa de nuit au riz nourrissant ultime - 60 ml;;;;;;;;;;Yes;20.00;;No;20.00;No;20.00;No;;;each.each;Yes;3;2;;12346789527;;;COSRX;Yes;;https://images.sumup.com/img_6AJNRZ3X1480STSP4PWW5M6BM4;;;;;;;Yes;;;;No;45;business;31a28bf2-745a-4a39-94a5-8d2357b295da;aef8a11f-bb3e-48d6-8b36-1a8478febbf6;
COSRX - The  Hyaluronic Acid 3;;;;;;;;;;Yes;30.00;;No;20.00;No;;No;;;each.each;Yes;1;0;;;;;COSRX;Yes;;https://images.sumup.com/img_45E4H5JXZR85RS0VCJ5C2FC0PM;;;;;;;Yes;COSRX - The  Hyaluronic Acid 3;;;Yes;45;business;cf3df5df-3977-4b02-8330-b24a2b31fb9f;8382455e-a7ca-4965-9dab-b33b7104bd03;
COSRX - The 6 Peptide Skin Booster Sérum;;;;;;;;;;Yes;22.50;;No;20.00;No;22.00;No;;;each.each;Yes;1;2;;12346789509;;;COSRX;Yes;;https://images.sumup.com/img_3H2KY7VMRE9Q0A3D93PCT3VB75;;;;;;;Yes;COSRX - The 6 Peptide Skin Booster Sérum;;;No;45;business;0923a902-d249-4a0b-9e88-f9b44469ff06;5967bc68-005c-4dc9-abe8-800faa914288;
Carboxythérapie;;;;;;;;;;Yes;110.00;;No;20.00;No;;No;;;each.each;Yes;0;0;;;;;Soins de beauté;Yes;Black;;;;;;;;Yes;Carboxythérapie;;;Yes;45;business;2ffc9547-f088-4e32-989c-a1ce66241a03;f30cd2f1-a83a-46b9-9186-44267964d02b;
Carrot carotene daily mask;;;;;;;;;;Yes;26.50;;No;20.00;No;;No;;;each.each;Yes;3;1;;;;;Skinfood;Yes;Orange;https://images.sumup.com/img_15HG8RJGZW9879QFEAGABBMDNF;;;;;;;Yes;Carrot carotene daily mask;;;Yes;45;business;a46a5ef5-54ee-41f4-9368-630791a8e385;9b708a5c-f19f-41b6-aa0b-4183175a2b06;
Celimax baking foam;;;;;;;;;;Yes;18.00;;No;20.00;No;;No;;;each.each;Yes;4;0;;;;;CELIMAX;Yes;Grey;https://images.sumup.com/img_1EJS29PXG98F3BH88GB3YTDT5H;;;;;;;Yes;Celimax baking foam;;;Yes;45;business;2da72f22-4098-4cb1-b2c4-eda1381f19d4;bda80c41-d1c1-47f7-81f2-671da312b1a5;
Celimax foam cica bha acne;;;;;;;;;;Yes;18.50;;No;20.00;No;;No;;;each.each;Yes;0;0;;;;;CELIMAX;Yes;Light green;https://images.sumup.com/img_5KPZAH79ZR9HQAEH0RH705ZYPZ;;;;;;;Yes;Celimax foam cica bha acne;;;Yes;45;business;11e0a6c2-9784-4e53-aea3-6d256f9b0572;383537b9-b85c-4398-a019-ea12439bbdcb;
Celimax noni ampoule;;;;;;;;;;Yes;28.75;;No;20.00;No;;No;;;each.each;Yes;4;2;;;;;CELIMAX;Yes;;https://images.sumup.com/img_1VVS5AWB869J3TBJM57ESJM3MD;;;;;;;Yes;Celimax noni ampoule;;;Yes;45;business;6e67a738-b6a8-49bf-b167-f823fba621b7;d5cebd7a-526f-41ea-b964-71a3ee63c04d;
Celimax oil jojoba;;;;;;;;;;Yes;16.99;;No;20.00;No;;No;;;each.each;Yes;0;1;;;;;CELIMAX;Yes;Purple;https://images.sumup.com/img_4C7MEV538A9WF9QA6D7RKF26DP;;;;;;;Yes;Celimax oil jojoba;;;Yes;45;business;80eee21d-0ad4-4706-a852-c0f5aacb91c2;2ccc0ce4-461d-4b00-bda8-070380357e1a;
Celimax pore +dark spot  serum;;;;;;;;;;Yes;22.99;;No;20.00;No;;No;;;each.each;Yes;2;0;;;;;CELIMAX;Yes;;https://images.sumup.com/img_7QQBSC9ANH8XDTGVGPP8E1QMY9;;;;;;;Yes;Celimax pore +dark spot  serum;;;Yes;45;business;1756c43b-520f-487f-b73e-5a6ed4a775ee;2c2d21aa-163b-4494-80e9-5886f4e4f5c5;
Celimax retinol shot;;;;;;;;;;Yes;21.75;;No;20.00;No;;No;;;each.each;Yes;7;0;;;;;CELIMAX;Yes;Yellow;https://images.sumup.com/img_56YN3SGD84873RHBTNJ3G2A2PR;;;;;;;Yes;Celimax retinol shot;;;Yes;45;business;a19fb4d2-3ba4-4733-9854-12fb54b606e5;5c1d1481-e33f-4e32-a6c0-de10eeabf4e9;
Celimax serum tightening;;;;;;;;;;Yes;26.40;;No;20.00;No;;No;;;each.each;Yes;4;0;;;;;CELIMAX;Yes;;https://images.sumup.com/img_1T5PY4DXXJ9NPB817J8P7A8BK6;;;;;;;Yes;Celimax serum tightening;;;Yes;45;business;20287e73-9c34-4b3d-92e2-339a0eb0fd09;5fd48862-f760-407e-b479-0bc35df85a60;
Centellian24;;;;;;;;;;Yes;18.99;;No;20.00;No;;No;;;each.each;Yes;0;0;;;;;Centellian24;Yes;Light blue;https://images.sumup.com/img_0W3854J9X887NS069TM1599R43;;;;;;;Yes;Centellian24;;;Yes;45;business;0963345c-2b0f-4264-81be-395c49ba5c4f;09f4f706-f160-4d2a-81d9-5d703d0b4ee2;
Cica-nolB5;;;;;;;;;;Yes;21.50;;No;20.00;No;;No;;;each.each;Yes;1;0;;;;;MEDIPEEL;Yes;Light green;https://images.sumup.com/img_73VSEQZQSC8XSR66MEFM1BCNBT;;;;;;;Yes;Cica-nolB5;;;Yes;45;business;0f290d2f-0217-410c-9ebf-63ce21b469a6;cea64d5c-c70d-46af-9e49-5749df711e08;
Cicaterol serum azelaic;;;;;;;;;;Yes;22.99;;No;20.00;No;;No;;;each.each;No;0;0;;;;;Beplain;Yes;Light green;https://images.sumup.com/img_2AAK7661GK9X1930DPXQEQWF3P;;;;;;;Yes;Cicaterol serum azelaic;;;Yes;45;business;76fdbddc-4440-4057-9b03-0dfb268eed1e;53f48fbd-6e23-4395-8b3d-3481ae1ab056;
Cicaterol toner ;;;;;;;;;;Yes;23.99;;No;20.00;No;;No;;;each.each;Yes;2;0;;;;;A'pieu;Yes;Light green;https://images.sumup.com/img_1H5GCY5V8K876BRFQ1BSEBG2YA;;;;;;;Yes;Cicaterol toner ;;;Yes;45;business;42f0b593-ae42-4bd1-ad8d-84451a6738cc;93fcb351-de0f-43ed-89d2-2ba290ca316f;
Collagen peanuts x célavi cleansing foam;;;;;;;;;;Yes;21.99;;No;20.00;No;;No;;;each.each;Yes;2;1;;;;;COLLAGEN;Yes;Pink;https://images.sumup.com/img_6B2BDGB72A88PV1F3M2CCWB5D9;;;;;;;Yes;Collagen peanuts x célavi cleansing foam;;;Yes;45;business;850940f4-80db-4eb8-aabf-b096a42e3ca8;1bdd4172-fa3e-492e-b3e4-9d8f4010d4c6;
Creme probio cica skin 1004;;;;;;;;;;Yes;33.90;;No;20.00;No;;No;;;each.each;Yes;1;0;;;;;SKIN 1004;Yes;;https://images.sumup.com/img_0GNWTHRZHY9MPT00MPPRKYWC3Y;https://images.sumup.com/img_7SK0NVJ5KV8719D1MTMJRC1YKV;;;;;;Yes;Creme probio cica skin 1004;;;Yes;45;business;4b463bf0-e33d-4c92-9121-cad0bae52bbf;bd155042-fe8f-4d82-a49e-aa134850e708;
Creme solaire aqua missha;;;;;;;;;;Yes;18.00;;No;20.00;No;;No;;;each.each;Yes;6;0;;;;;Missha;Yes;Light blue;https://images.sumup.com/img_0WZK9SBRCF90SA4YRP0RBEX41K;;;;;;;Yes;Creme solaire aqua missha;;;Yes;45;business;6b953b75-efb0-4a54-9ba1-9901f8a8cbb0;255abac9-3b23-4190-8010-7628ffa8eaf2;
DEWDAP sun cream ;;;;;;;;;;Yes;14.00;;No;20.00;No;;No;;;each.each;Yes;0;0;;;;;Dewpad;Yes;Pink;https://images.sumup.com/img_4Y89R8AWFV9ASRSNE3ZM4NS2FF;;;;;;;Yes;DEWDAP sun cream ;;;Yes;45;business;b86f0b6a-6509-4651-9f58-ae9fa1887bf3;9bc901c8-66c3-4428-861d-096aecac495b;
DEWPAD dewtoxlift cleanser ;;;;;;;;;;Yes;18.50;;No;20.00;No;;No;;;each.each;Yes;3;0;;;;;Dewpad;Yes;;https://images.sumup.com/img_58AAY2P7KG9Y3VCBAG5MPCEMHG;;;;;;;Yes;DEWPAD dewtoxlift cleanser ;;;Yes;45;business;83d30195-5244-474c-98c9-62083be77646;d03b48a0-d972-4de9-b615-2aa62781fd7a;
DR ALTHEA - 147 Barrier Cream;;;;;;;;;;Yes;25.00;;No;20.00;No;;No;;;each.each;Yes;2;0;;;;;DR ALTHEA;Yes;;https://images.sumup.com/img_4ZZ86E6G8P9498TGHDD3JX792Z;;;;;;;Yes;;;;Yes;45;business;DD5E8986-B54B-4066-B704-83CA361A1C44;051EBBB8-8FEB-413A-BF91-3B20278E19B8;
DR ALTHEA - 345 Barrier Cream;;;;;;;;;;Yes;28.00;;No;20.00;No;;No;;;each.each;Yes;3;0;;;;;DR ALTHEA;Yes;;https://images.sumup.com/img_11WSEHT0W58FM8H3833PFSXC8E;;;;;;;Yes;;;;Yes;45;business;9AD581B5-01DD-4F66-89C3-0B5BB26A78DA;503DB919-77B6-4579-9623-E82BB025302B;
DR ALTHEA - Gentle Vitamin C Serum;;;;;;;;;;Yes;26.00;;No;20.00;No;;No;;;each.each;Yes;2;0;;;;;DR ALTHEA;Yes;;https://images.sumup.com/img_3SSSQDG52G84N9H66AXHYYZQ39;;;;;;;Yes;Dr Althea 20%;;;Yes;45;business;605ad887-6888-4fee-8629-4ede306fbcd7;90252bc4-1ddb-418a-bb48-9d08b6ab6a9e;
DR ALTHEA - Rapid Firm Sculpting Cream;;;;;;;;;;Yes;30.00;;No;20.00;No;;No;;;each.each;Yes;1;0;;;;;DR ALTHEA;Yes;;https://images.sumup.com/img_6V5TK8HX8H8ZD90HEKRD8XYY67;;;;;;;No;;;;No;45;business;EE3ABFDD-EC82-438E-8713-FB8E57E1D1A6;3DF2C5F8-24A5-40B7-81FE-0F098040BD65;
DR ALTHEA - Vitamin C Boosting Serum ;;;;;;;;;;Yes;25.00;;No;20.00;No;;No;;;each.each;Yes;3;1;;;;;DR ALTHEA;Yes;;https://images.sumup.com/img_0ZBJ3Z1FYE9TKTHKBJSFBKGN54;;;;;;;Yes;;;;Yes;45;business;2E15F185-F0C4-42D5-A017-7A2BA5C64789;F98C0EB5-5C07-4AF6-B9BF-A1D48FF8E88F;
Daeng gi meo ri ;;;;;;;;;;Yes;22.99;;No;20.00;No;;No;;;each.each;Yes;4;0;;;;;Daeng Gi Meo Ri;Yes;Black;https://images.sumup.com/img_2Z5WY9A8G99C89ZFJEE41Q6V5K;;;;;;;Yes;Daeng gi meo ri ;;;Yes;45;business;2a8ac609-b316-42b9-adeb-3821597c50a5;bfe7f6f9-d263-4cfe-9c00-2bf2884fae7c;
Dewdap cicatea sun cream;;;;;;;;;;Yes;17.00;;No;20.00;No;;No;;;each.each;Yes;2;0;;;;;Dewpad;Yes;Light green;https://images.sumup.com/img_4WE8ZDAW9C8XC90RKXQM5986YZ;;;;;;;Yes;Dewdap cicatea sun cream;;;Yes;45;business;a002e5e0-a0ba-482e-a681-af4d91f62e19;6feeeaed-7307-4215-af4a-6f695a73804e;
Dewdap v- fit cream;;;;;;;;;;Yes;19.50;;No;20.00;No;;No;;;each.each;Yes;1;0;;;;;Dewpad;Yes;;https://images.sumup.com/img_3PQAWS5STX9T1B33A9C1CJR4ST;;;;;;;Yes;Dewdap v- fit cream;;;Yes;45;business;6f85e562-f950-4965-83d5-c52c10ccfce7;057f8350-d878-44d5-a733-c602ab5f182f;
Dr Althea - 2% Toner pads acide salicylique ;;;;;;;;;;Yes;32.00;;No;20.00;No;;No;;;each.each;Yes;3;0;;;;;DR ALTHEA;Yes;;https://images.sumup.com/img_77GV8K0TDQ8EDBSZRBSD5VYT94;;;;;;;Yes;;;;Yes;45;business;C1C483A7-8851-420B-ACC6-D5D93A4CDB2F;ADE8A366-E076-40A6-964F-CEBA989C5168;
Dr Althea AQUA;;;;;;;;;;Yes;25.00;;No;20.00;No;;No;;;each.each;Yes;2;0;;;;;DR ALTHEA;Yes;;https://images.sumup.com/img_03EN1MB9YT9FER0JMX5QKZW3AV;;;;;;;Yes;Dr Althea AQUA;;;Yes;45;business;7c12f6da-6218-4a39-a467-0e7387d8f770;bb24b4e4-fe26-41d2-a13c-8b7d1b263982;
Dr Althea aqua mist jelly;;;;;;;;;;Yes;24.99;;No;20.00;No;;No;;;each.each;Yes;5;1;;;;;DR ALTHEA;Yes;Light blue;https://images.sumup.com/img_6JAN72Q0SE81QRZVEGY345TXW1;;;;;;;Yes;Dr Althea aqua mist jelly;;;Yes;45;business;450d2b39-68fb-4cf3-9c33-b006e1da8ce7;373ea412-222c-4b8d-8e5a-54250b1939c5;
Dr Althea baume pore;;;;;;;;;;Yes;22.99;;No;20.00;No;;No;;;each.each;Yes;1;0;;;;;DR ALTHEA;Yes;;https://images.sumup.com/img_605JM2PC49959TT8R41SDH1XSD;;;;;;;Yes;Dr Althea baume pore;;;Yes;45;business;1d2102e7-94cf-4fbc-b77d-dfa79c1870d5;7f9caa0d-8a5b-4bbd-812b-b9c3858af774;
Dr Althea baume pore ;;;;;;;;;;Yes;22.99;;No;20.00;No;;No;;;each.each;Yes;3;0;;;;;DR ALTHEA;Yes;;https://images.sumup.com/img_783VEBP1WA8YJTPZ47T513RXVR;;;;;;;Yes;Dr Althea baume pore ;;;Yes;45;business;bd872147-d813-48b1-bc90-09890bcc5f43;a9c3b89b-5eeb-405d-aec8-59e4e910605f;
Dr Althea serum aqua marine ;;;;;;;;;;Yes;21.00;;No;20.00;No;;No;;;each.each;Yes;1;0;;;;;DR ALTHEA;Yes;Dark blue;https://images.sumup.com/img_4A9YWJT5PQ9CJRASEWB8VCE4SN;;;;;;;Yes;Dr Althea serum aqua marine ;;;Yes;45;business;0abca987-17aa-4791-a56d-005cdd14f48c;7dd7ceab-df22-4537-a22c-fe2a05754ff5;
Dr Ceuracle;;;;;;;;;;Yes;21.75;;No;20.00;No;;No;;;each.each;Yes;3;1;;;;;Dr Ceuracle;Yes;Grey;https://images.sumup.com/img_6CG1JY4RAS98GTNGT95XEEGYMW;;;;;;;Yes;Dr Ceuracle;;;Yes;45;business;a4941b23-8ce1-4fff-9acf-b641582bedaf;4fd35bd2-9782-447e-bcc3-3f8f9248fe8d;
Dr Melaxin peel shot;;;;;;;;;;Yes;27.60;;No;20.00;No;;No;;;each.each;Yes;1;0;;;;;DR MELAXIN;Yes;Grey;https://images.sumup.com/img_7GR8XQCRJW9E0BE6ZVQP9GT527;;;;;;;Yes;Dr Melaxin peel shot;;;Yes;45;business;c9b1da37-3c41-4376-9e08-8a7fda9fd3ab;c0eb28bf-acbf-4bf7-a072-d790b45dd3d9;
Dr Melaxin toner rice blanc;;;;;;;;;;Yes;23.99;;No;20.00;No;;No;;;each.each;Yes;0;1;;;;;DR MELAXIN;Yes;Grey;https://images.sumup.com/img_70TYK1KAR488YS1ZEWCNSV1Y5X;;;;;;;Yes;Dr Melaxin toner rice blanc;;;Yes;45;business;7840f271-0499-409a-ae14-6890eec2e0d1;3f6d9fd1-f2c2-4c2d-a395-43695c1d8acb;
Dr althea;;;;;;;;;;Yes;21.73;;No;20.00;No;;No;;;each.each;Yes;2;1;;;;;DR ALTHEA;Yes;;https://images.sumup.com/img_4N2H1VJHWD8W78AW5GDY5QNB7C;;;;;;;Yes;Dr althea;;;Yes;45;business;ba19cbec-5eff-43da-a1a1-f4301ec7f5c2;fa723c56-6891-4b0a-aa31-d03d039fdf3f;
Dr althea  baume purifiant ;;;;;;;;;;Yes;21.00;;No;20.00;No;;No;;;each.each;Yes;3;0;;;;;DR ALTHEA;Yes;Light green;https://images.sumup.com/img_2W18HV8M2N86A9M2KRYNYSB7WX;;;;;;;Yes;Dr althea  baume purifiant ;;;Yes;45;business;cea192e4-e79a-4216-8543-4b77e4bb1d5c;d2b7bffd-eec8-434f-ac8a-008858e8c524;
Dr althea cream NIATHIONE;;;;;;;;;;Yes;24.99;;No;20.00;No;;No;;;each.each;Yes;5;0;;;;;DR ALTHEA;Yes;;https://images.sumup.com/img_2F99K433XY8MNR17R30W6SSA2Z;;;;;;;Yes;Dr althea cream NIATHIONE;;;Yes;45;business;f91b38d9-2dcb-4bbc-86e4-ced5a7aed77b;644cae15-b43c-431c-b248-2596db8d284c;
Dr althea eye serum;;;;;;;;;;Yes;13.00;;No;20.00;No;;No;;;each.each;Yes;1;3;;;;;DR ALTHEA;Yes;;https://images.sumup.com/img_07TZBNVR0K970V3EJTZVBZP4DT;;;;;;;Yes;Dr althea eye serum;;;Yes;45;business;db2494f1-3826-40b2-bd6b-fefead61766d;31c1bd63-55ef-41a9-bafd-8896fb5b8dcb;
Dr althea sunscreen;;;;;;;;;;Yes;24.90;;No;20.00;No;;No;;;each.each;Yes;0;0;;;;;DR ALTHEA;Yes;Light blue;https://images.sumup.com/img_647CP2S7T19AZ9E3QV268HZR53;;;;;;;Yes;Dr althea sunscreen;;;Yes;45;business;6d086349-ff62-46f3-b6af-e516cea5912e;bf47c66a-2409-4a26-81f5-44ec2b70840c;
Dr melaxin cream pigmentation ;;;;;;;;;;Yes;30.00;;No;20.00;No;;No;;;each.each;Yes;4;0;;;;;DR MELAXIN;Yes;Black;https://images.sumup.com/img_673PMM3BHT96SANV0GPRER7V91;;;;;;;Yes;Dr melaxin cream pigmentation ;;;Yes;45;business;402cf87a-db8c-44f1-b9c1-f71068b2da0a;de516efe-e1b9-4487-96ed-7e9e9791f5ef;
Drainage lymphatique ;;;;;;;;;;Yes;60.00;;No;20.00;No;;No;;;each.each;Yes;0;0;;;;;Massages;Yes;Black;;;;;;;;Yes;Drainage lymphatique ;;;Yes;45;business;beb712a9-cf79-48d3-9b03-9626a905d1ef;4fc99b8d-3ba7-44c8-9235-44d0f6ec71c4;
EOS  coconut lotion;;;;;;;;;;Yes;22.99;;No;20.00;No;;No;;;each.each;Yes;0;0;;;;;EOS;Yes;Grey;https://images.sumup.com/img_4Q953GG8VV8EHS8Z4N0Q6K8WRC;;;;;;;Yes;EOS  coconut lotion;;;Yes;45;business;54a8f317-44cd-4df2-9709-fcb5cfdd7e43;52f68d70-bbc9-455f-b315-796bc6177d6b;
EQQUALBERRY - Bakuchiol Plumping Cream;;;;;;;;;;Yes;23.99;;No;20.00;No;;No;;;each.each;Yes;2;0;;;;;EQQUALBERRY ;Yes;Purple;https://images.sumup.com/img_35VDZEKTTB98TVF1HPEP4JK3T2;;;;;;;Yes;;;;Yes;45;business;1B006253-D97D-47DE-9A1F-056340620268;63664455-E93A-4D3E-9549-BF9F4E450A87;
EQQUALBERRY - Huile nettoyante lissante au riz violet - 200ml;;;;;;;;;;Yes;23.00;;No;20.00;;;No;;;each.each;Yes;0;0;;;;;EQQUALBERRY ;Yes;;https://images.sumup.com/img_4ZH0VPFTAP8269FXM630MJX906;;;;;;;Yes;;;;Yes;45;business;1E2301BD-98FB-464B-A62B-9828C98E5C6B;153967EE-40B9-4AC4-A7A5-8402ECAAD23E;
EQQUALBERRY - Pack nettoyant purifiant pour les pores au riz violet - 130g;;;;;;;;;;Yes;23.99;;No;20.00;No;;No;;;each.each;Yes;1;2;;;;;EQQUALBERRY ;Yes;;https://images.sumup.com/img_22T2HWFX0995HSRERD41WKBJYN;;;;;;;Yes;;;;Yes;45;business;0B2E93E5-74E7-41EF-835E-AF5A6B895455;12073048-69BD-4F52-AA12-5EEA7F6587FD;
EQQUALBERRY - Swimming Pool Daily Facial Toner;;;;;;;;;;Yes;25.00;;No;20.00;No;;No;;;each.each;Yes;0;0;;;;;EQQUALBERRY ;Yes;;https://images.sumup.com/img_4R5RZPJRXP9XQVY6K3ZBHS8ZTG;;;;;;;No;;;;No;45;business;3EFB0B42-35EA-490B-BB2E-CD0F036F6F49;58A5519E-620C-43E5-AAB6-E76E3346AAC5;
EQQUALBERRY - Sérum réducteur de pores Purple PDRN;;;;;;;;;;Yes;24.00;;No;20.00;No;;No;;;each.each;Yes;5;2;;;;;EQQUALBERRY ;Yes;;https://images.sumup.com/img_7CVAJYKFD7996V36XRJZW1BQK1;;;;;;;Yes;;;;Yes;45;business;43A7C7B1-ED0F-42E8-ADEE-E48D4DF49B08;CA5FFB36-1506-456F-B21E-E448B4BB311F;
EQQUALBERRY - Vitamin Illuminating Serum;;;;;;;;;;Yes;23.99;;No;20.00;No;;No;;;each.each;Yes;0;0;;;;;EQQUALBERRY ;Yes;;https://images.sumup.com/img_4G8JDNND1H9FXVHZJ7P03Q09PH;;;;;;;Yes;;;;Yes;45;business;8174135F-330F-4881-A04D-63EB4252F97F;E5E69AD1-0AC9-4A0E-9ED6-A2800FFF2E96;
ESFOLIO - Pure Skin Crème Mains Pure Escargot;;;;;;;;;;Yes;5.99;;No;20.00;;;No;;;each.each;Yes;5;2;;;;;ESFOLIO;Yes;;https://images.sumup.com/img_1XVPQ0CXQ684CRCKR8VN0FVP03;;;;;;;Yes;;;;Yes;45;business;4BB3FFB2-3401-407A-BCE5-E8660C8461A6;CF5DD8BD-8AE7-475D-B883-B7BECA9C548D;
Eqqualberry  masque pore tight up;;;;;;;;;;Yes;6.00;;No;20.00;No;;No;;;each.each;Yes;6;0;;;;;EQQUALBERRY ;Yes;Pink;;;;;;;;Yes;Eqqualberry  masque pore tight up;;;Yes;45;business;3725e13c-3ade-4e64-8158-880ab653ead4;0f74f199-c1e9-462c-9a21-07583a94c216;
Eqqualberry bakuchiol;;;;;;;;;;Yes;24.00;;No;20.00;No;;No;;;each.each;Yes;4;0;;;;;EQQUALBERRY ;Yes;Purple;https://images.sumup.com/img_4ZBMAACN1Z9TER6Q153CV2WZSH;;;;;;;Yes;Eqqualberry bakuchiol;;;Yes;45;business;60885a1c-d6f3-49f1-9a4d-1e00c0796b11;d091d884-f638-4278-bb01-a4f335705c56;
Eqqualberry mask collagen glow up;;;;;;;;;;Yes;6.00;;No;20.00;No;;No;;;each.each;Yes;4;0;;;;;EQQUALBERRY ;Yes;;https://images.sumup.com/img_78HCSBVXXH93HSEQHK2FQPM06Q;;;;;;;Yes;Eqqualberry mask collagen glow up;;;Yes;45;business;e6c74188-84d3-45cb-91aa-bff4f5991a1b;139b01b9-7312-4217-9057-9bb88d581b7a;
Eqqualberry toner 150 ml;;;;;;;;;;Yes;19.50;;No;20.00;No;;No;;;each.each;Yes;0;0;;;;;EQQUALBERRY ;Yes;;https://images.sumup.com/img_6K1YCM6T8H9RFRC76P9GY56KGS;;;;;;;Yes;Eqqualberry toner 150 ml;;;Yes;45;business;9248d36c-e7de-4a61-9d16-2b12219ed6c6;5b0a11a4-857c-4dae-9ad9-d847f4394da3;
Etude ;;;;;;;;;;Yes;18.00;;No;20.00;No;;No;;;each.each;Yes;0;0;;;;;Etude;Yes;Light blue;https://images.sumup.com/img_2WEG8K1HTR92FSJDYNNQPX8Y48;;;;;;;Yes;Etude ;;;Yes;45;business;2f14ee0f-71fb-4532-b94f-44d8e234194b;377304ce-2502-47a3-bd89-267a15b0a4b1;
Face republic sun cream;;;;;;;;;;Yes;20.00;;No;20.00;No;;No;;;each.each;Yes;3;0;;;;;Face republic;Yes;;https://images.sumup.com/img_3H8WVJGFMA8Z3RY5X419CBKH1Z;;;;;;;Yes;Face republic sun cream;;;Yes;45;business;170538b7-8577-4252-b6dd-a20e9fcfa4bc;ca2a34fd-756a-4295-bc0c-035e0d052f64;
Farm Stay - Crème pour les mains Visible Difference - Black Pearl - 100ml;;;;;;;;;;Yes;4.75;;No;20.00;;;No;;;each.each;Yes;0;1;;;;;FARMSTAY;Yes;;https://images.sumup.com/img_6FWP4J5MME8BG8CFK0YMKT5XMA;;;;;;;Yes;;;;Yes;45;business;A5A04E46-F640-4402-BB26-F28D349DA434;79762644-9C15-4A28-9CE3-F9BDEE12FB2E;
Farm stay  tea tree ;;;;;;;;;;Yes;15.00;;No;20.00;No;;No;;;each.each;Yes;2;0;;;;;FARMSTAY;Yes;Light green;https://images.sumup.com/img_7KYJTG5WAF9VBVJCJNM1003BDJ;;;;;;;Yes;Farm stay  tea tree ;;;Yes;45;business;3776e994-bcf5-423a-8cac-bb19c3a2ee73;c0674025-6d7e-4400-80aa-3ea31f3094ed;
Farm stay eye cream ;;;;;;;;;;Yes;15.00;;No;20.00;No;;No;;;each.each;Yes;5;0;;;;;FARMSTAY;Yes;Light green;https://images.sumup.com/img_7WVNBD01708BR90ZZV7KAVZ5Y0;;;;;;;Yes;Farm stay eye cream ;;;Yes;45;business;cb71ef7a-292a-4253-a231-a3ae7d5110ab;e4ac74f6-a0da-4fe3-99cd-cde000b5f680;
Fig tree Face wash turmeric and lemon;;;;;;;;;;Yes;22.99;;No;20.00;No;;No;;;each.each;Yes;2;0;;;;;Figtree;Yes;Dark red;https://images.sumup.com/img_4060PD0AB6812T166AKJK1SKSD;;;;;;;Yes;Fig tree Face wash turmeric and lemon;;;Yes;45;business;c622d91d-5583-4fd6-8c53-74a0271aa8ce;d2f474d3-ab79-4d7c-b077-f8454b8f1afb;
Fig tree black soap tumeric;;;;;;;;;;Yes;15.00;;No;20.00;No;;No;;;each.each;Yes;3;0;;;;;Figtree;Yes;Dark red;https://images.sumup.com/img_263NG3GC5Z96PANTGW757CDJFA;;;;;;;Yes;Fig tree black soap tumeric;;;Yes;45;business;2a3256cc-7594-4ad4-85d9-76a3ccf0cb70;87548b51-7e13-40b3-beca-12bc6b5d3da8;
Figtree Brightening cream;;;;;;;;;;Yes;25.90;;No;20.00;No;;No;;;each.each;Yes;5;0;;;;;Figtree;Yes;Dark red;https://images.sumup.com/img_1SD6H6Q6WV8YHSFKNFVHW2HTDH;;;;;;;Yes;Figtree Brightening cream;;;Yes;45;business;56d16b4b-17c0-4db0-b7e7-1781c34ab00b;d48cf05b-a754-4c03-adc4-cb9c60a21302;
Figtree acnego clarifying toner;;;;;;;;;;Yes;21.50;;No;20.00;No;;No;;;each.each;Yes;5;0;;;;;Figtree;Yes;Dark red;https://images.sumup.com/img_6BCDAF37YX8R39K5T87VC8W3HE;;;;;;;Yes;Figtree acnego clarifying toner;;;Yes;45;business;bc1afd7d-801a-4d51-a827-b0a30e8533bf;ebb0cd61-fdaa-4e33-a218-77b0d469017c;
Figtree acnego face wash;;;;;;;;;;Yes;30.00;;No;20.00;No;;No;;;each.each;Yes;3;0;;;;;Figtree;Yes;Dark red;https://images.sumup.com/img_67E0B8HR1W96YRPGZZGA6TPAQD;;;;;;;Yes;Figtree acnego face wash;;;Yes;45;business;15f56ba0-6806-4186-8c4e-4aacf5adf1c1;04a03190-803c-4fa7-823a-dd18ba644212;
GREEN TOMATO - Pore Lifting Ampoule;;;;;;;;;;Yes;23.99;;No;20.00;No;;No;;;each.each;Yes;1;0;;;;;Sungboon;Yes;Light green;https://images.sumup.com/img_2WSZZWVXED9DKS36906PJSSMXR;;;;;;;No;;;;No;45;business;6AFFEDE8-2389-40A1-87B9-C30B76F962B1;56D99718-4789-4820-9F3D-C70E8937DC72;
Glow Missha x t'way;;;;;;;;;;Yes;23.56;;No;20.00;No;;No;;;each.each;Yes;3;2;;;;;MISSHA;Yes;;https://images.sumup.com/img_56K4NY70KJ8XS975AF80ZWDBCG;;;;;;;Yes;Glow Missha x t'way;;;Yes;45;business;6a12b1ff-57c2-41b4-814c-c27886acc507;7f347b3a-de88-45fc-8e15-2b9ef3954925;
Gommagic;;;;;;;;;;Yes;90.00;;No;20.00;No;;No;;;each.each;Yes;0;0;;;;;Soins de beauté;Yes;Black;;;;;;;;Yes;Gommagic;;;Yes;45;business;dd991b24-3702-4b01-8716-b59195833bff;7b75d337-4448-438c-9e9c-d35ac5d10447;
Good molecules niacinamide;;;;;;;;;;Yes;20.00;;No;20.00;No;;No;;;each.each;Yes;2;0;;;;;GOOD MOLECULES;Yes;Dark blue;https://images.sumup.com/img_2DFZ5MGT7383MS3D206D5GE0HB;;;;;;;Yes;Good molecules niacinamide;;;Yes;45;business;b793cf3f-3881-4e14-b4cb-e3590c037918;26d1f0c4-103f-43d6-a30e-b1e90fe643f9;
Good molecules serum acide  hyaluronic;;;;;;;;;;Yes;20.00;;No;20.00;No;;No;;;each.each;Yes;4;0;;;;;GOOD MOLECULES;Yes;Orange;https://images.sumup.com/img_2FT49365XV9FB9PJS8B68XM72Z;;;;;;;Yes;Good molecules serum acide  hyaluronic;;;Yes;45;business;0065d797-22d4-4f41-8ae6-559e3ea7c4bd;682b04f1-5721-4b6f-9815-094078f49bc3;
Good molecules serum discoloration;;;;;;;;;;Yes;20.00;;No;20.00;No;;No;;;each.each;Yes;2;0;;;;;GOOD MOLECULES;Yes;Yellow;https://images.sumup.com/img_2V2VB07G248NT8MVKWDXAYR617;;;;;;;Yes;Good molecules serum discoloration;;;Yes;45;business;6c81d010-3a9d-424a-8e2f-c185d106193f;633d639e-2a22-488b-8d0e-40353bc2d6d6;
Good molecules toner niacinamide;;;;;;;;;;Yes;21.18;;No;20.00;No;;No;;;each.each;Yes;1;0;;;;;GOOD MOLECULES;Yes;Yellow;https://images.sumup.com/img_34WTJ3332R9YBRKCRD9AYYGTFR;;;;;;;Yes;Good molecules toner niacinamide;;;Yes;45;business;066367ad-6d0a-4fb4-932e-518c17c49300;79f9e8be-d3a3-4baa-bae8-59dd049b68df;
Goodal eye cream;;;;;;;;;;Yes;21.90;;No;20.00;No;;No;;;each.each;No;0;0;;;;;Goodal;Yes;;https://images.sumup.com/img_6AGH85YFEA8AAT1XR1M0WH3DBJ;;;;;;;Yes;Goodal eye cream;;;Yes;45;business;6f633d05-3320-4235-9520-dc74882220a2;e7d4d142-4fc1-4aaa-be2a-12c6f3141506;
Goodal green cream vita C dark spot care cream;;;;;;;;;;Yes;25.00;;No;20.00;No;;No;;;each.each;Yes;1;2;;;;;Goodal;Yes;Yellow;https://images.sumup.com/img_2VPJZ9M16D9J299KA87GZ0T2YV;;;;;;;Yes;Goodal green cream vita C dark spot care cream;;;Yes;45;business;211acd3a-d094-4fa7-a7e7-0ec5ee04a17f;9bf0f4c8-9064-423e-a611-56aed8ac4b36;
Goodal green serum Vita C;;;;;;;;;;Yes;23.50;;No;20.00;No;;No;;;each.each;Yes;1;1;;;;;Goodal;Yes;Yellow;https://images.sumup.com/img_3QSG6CPFT29NDTGBA3SR31VV3G;;;;;;;Yes;Goodal green serum Vita C;;;Yes;45;business;bfdf5c52-1836-4ce6-be70-231b5b49198e;e521e873-824c-4b78-9e4c-79edb703dbb8;
Goodal mask ;;;;;;;;;;Yes;5.50;;No;20.00;No;;No;;;each.each;No;0;0;;;;;Goodal;Yes;;https://images.sumup.com/img_3MB0VWV7K69R7SQSS1D6SE2TJS;;;;;;;Yes;Goodal mask ;;;Yes;45;business;777c4e32-74e7-410e-ad1c-9b1598f88165;790c7df7-fd6e-4b62-9571-7e8e798440b6;
Goodal vita C toner green tangerine;;;;;;;;;;Yes;24.50;;No;20.00;No;;No;;;each.each;Yes;2;1;;;;;Goodal;Yes;Yellow;https://images.sumup.com/img_616H6R7V8P9GNR3P788FTDE2ZB;;;;;;;Yes;Goodal vita C toner green tangerine;;;Yes;45;business;f2a06e78-3928-4dcd-867d-04a37275c05f;ab1218a2-83db-4cf1-aa72-01abbd2f2a6c;
Green tomate - Cleansing Oil;;;;;;;;;;Yes;19.84;;No;20.00;No;;No;;;each.each;Yes;3;0;;;;;GREEN TOMATO;Yes;Dark green;https://images.sumup.com/img_17TYT2XGHA8T8AQA0K4WN69YK0;;;;;;;Yes;Green tomate - Cleansing Oil;;;Yes;45;business;56557020-e78c-4472-bc50-bb27b8d9cd85;ee2c7932-46de-43c1-a1fe-5514751c85d8;
HARUHARU WONDER - Black Rice Gel nettoyant doux Moisture 5.5 - 100ml;;;;;;;;;;Yes;16.00;;No;20.00;No;15.00;No;;;each.each;Yes;1;2;;12346789505;;;HARUHARU WONDER;Yes;;https://images.sumup.com/img_4QR33MNK8194TA7CSW73PPBETA;;;;;;;Yes;;;;No;45;business;27c4dc82-8967-489b-b078-24c8d90b732b;d5d13ddd-d631-4337-ba33-ab6729e73e20;
HARUHARU WONDER - Black Rice Moisture Airyfit Daily Sunscreen;;;;;;;;;;Yes;22.00;;No;20.00;No;;No;;;each.each;Yes;0;1;;;;;HARUHARU WONDER;Yes;;https://images.sumup.com/img_68VKES2A9497QSHSBCSGZKRESP;;;;;;;Yes;;;;Yes;45;business;23C21403-79DD-4760-9522-CE640308493F;5CCDE702-CB00-45BA-8B23-34F63D194201;
HARUHARU WONDER - Toner Hyaluronique Riz Noir - 300ml;;;;;;;;;;Yes;23.99;;No;20.00;No;23.99;No;;;each.each;Yes;4;2;;12346789514;;;HARUHARU WONDER;Yes;;https://images.sumup.com/img_5B68W8X74B8EXATRAZ5T6BZSRP;;;;;;;Yes;;;;No;45;business;c0521383-6bac-4fe7-9a17-057aa5f96d88;bb660e87-592f-473e-b8c9-28172d2a8aeb;
HARUHARU WONDER- Creme hydratante ;;;;;;;;;;Yes;23.00;;No;20.00;No;;No;;;each.each;Yes;0;0;;;;;HARUHARU WONDER;Yes;;https://images.sumup.com/img_3Z1TN3H3QW8QJVVV29AJKTXG6B;;;;;;;Yes;Creme hydratante ;;;Yes;45;business;0763098f-6286-482d-844b-f9436c77e639;d039ccb5-abb4-4a87-8af9-572aabc57da6;
Hair needling ;;;;;;;;;;Yes;100.00;;No;20.00;No;;No;;;each.each;Yes;0;0;;;;;Soins de beauté;Yes;Black;;;;;;;;Yes;Hair needling ;;;No;45;business;3bb99ff4-ab09-4c0f-ae5d-dafcce1b6040;adc9e1d4-1311-40f5-87eb-c9dfb145a8f6;
Hairneedling boost;;;;;;;;;;Yes;85.00;;No;20.00;No;;No;;;each.each;No;0;0;;;;;Soins de beauté;Yes;;;;;;;;;Yes;Hairneedling boost;;;Yes;45;business;d0d6f8e0-1a7d-4988-bd98-a21c04adb8f9;0f55e67f-0b50-4b27-87de-f46be0098397;
Haruharu  huile nettoyante ;;;;;;;;;;Yes;24.99;;No;20.00;No;;No;;;each.each;Yes;4;0;;;;;HARUHARU WONDER;Yes;;https://images.sumup.com/img_5G3C8J89528ECAGWVTM2DKHPC4;;;;;;;Yes;Haruharu  huile nettoyante ;;;Yes;45;business;136d2400-d2e7-4f47-b055-0a73a0a2f597;7d08c121-7582-4629-8c7b-7158782fbb35;
Haruharu Wonder exfoliating serum  Centella 3% PHA;;;;;;;;;;Yes;23.99;;No;20.00;No;;No;;;each.each;Yes;1;2;;;;;HARUHARU WONDER;Yes;;;;;;;;;Yes;Haruharu Wonder exfoliating serum  Centella 3% PHA;;;Yes;45;business;4ab3e124-058f-4e49-bc99-eed2e9e6eb76;14bc168a-07ba-4102-94f0-2d64b4e4dadc;
Haruharu black rice retinol serum;;;;;;;;;;Yes;22.50;;No;20.00;No;;No;;;each.each;Yes;1;0;;;;;HARUHARU WONDER;Yes;;https://images.sumup.com/img_65ZYYYR9KB9V7V44P9B3H91CDA;;;;;;;Yes;Haruharu black rice retinol serum;;;Yes;45;business;8a9dc212-bccb-4b32-8397-a566b4dbdf2b;5e229d12-bda7-4772-b9e9-af7bd5edbd73;
Haruharu wonder cleansing gel;;;;;;;;;;Yes;22.50;;No;20.00;No;;No;;;each.each;Yes;3;1;;;;;HARUHARU WONDER;Yes;;https://images.sumup.com/img_57B9KZPQVK9XHVQYYDXH9VKJYS;;;;;;;Yes;Haruharu wonder cleansing gel;;;Yes;45;business;544915f7-097b-4dfe-a02d-6bd31e8a5a42;157ace5c-5989-48f0-98ac-1d5e0cecd179;
Haruwonder eye;;;;;;;;;;Yes;24.00;;No;20.00;No;;No;;;each.each;Yes;0;0;;;;;HARUHARU WONDER;Yes;Black;https://images.sumup.com/img_4Y81WCX80V8AGTFJV1SCXHZ1TT;;;;;;;Yes;Haruwonder eye;;;Yes;45;business;0cc6a585-f854-44d2-892e-ce0ca542e43a;401eb30d-cb73-4098-a497-558517757416;
Heartleaf Silky Moisture Sun Cream;;;;;;;;;;Yes;24.99;;No;20.00;No;;No;;;each.each;Yes;2;0;;;;;ABIB;Yes;;;;;;;;;No;;;;No;45;business;2efff23b-5a40-4f12-88c2-4052957d3f58;01e2a963-bc92-49ad-bdc4-4638a0b66c51;
Heimish acid hyaluronic;;;;;;;;;;Yes;23.99;;No;20.00;No;;No;;;each.each;Yes;0;0;;;;;HEIMISH;Yes;;https://images.sumup.com/img_53VG3434W393HA7AA8QRHBENPS;;;;;;;Yes;Heimish acid hyaluronic;;;Yes;45;business;bc5143ca-4adc-414e-8ef1-3888d979e0e7;18c16b03-917f-4bd7-a8d3-2c90339a8a61;
Heimish eye cream retinol;;;;;;;;;;Yes;20.00;;No;20.00;No;;No;;;each.each;Yes;3;0;;;;;HEIMISH;Yes;Purple;https://images.sumup.com/img_1RM26Y1GSN85VABBJ1PS71FS46;;;;;;;Yes;Heimish eye cream retinol;;;Yes;45;business;41906739-7743-4056-bbf7-7b2ee78b6a8f;3ce75df3-f1ba-4efb-a626-b7dff8c00ace;
Heimish foam;;;;;;;;;;Yes;18.00;;No;20.00;No;;No;;;each.each;Yes;2;0;;;;;HEIMISH;Yes;Dark green;https://images.sumup.com/img_639HBD3GQP8EMBMNNC179J1Z81;;;;;;;Yes;Heimish foam;;;Yes;45;business;c848cd96-530b-486d-ab9f-6f4048b227fe;56b17911-2c59-43d5-bf67-77f17ca92325;
Heimish hydrogel eye;;;;;;;;;;Yes;21.00;;No;20.00;No;;No;;;each.each;Yes;4;0;;;;;HEIMISH;Yes;;https://images.sumup.com/img_4M8CHRTGGQ889VKD6K3GKDC7Q0;;;;;;;Yes;Heimish hydrogel eye;;;Yes;45;business;d8b95c72-0b87-4354-9109-f16441f51983;368cdc5b-4820-41cb-9954-d309e4e2449f;
Heimish multi vitamin;;;;;;;;;;Yes;27.60;;No;20.00;No;;No;;;each.each;Yes;2;0;;;;;HEIMISH;Yes;;https://images.sumup.com/img_3K32VRWTVG8RRBWS1M3FG8R9S8;;;;;;;Yes;Heimish multi vitamin;;;Yes;45;business;b6a1a2a4-fe14-4ee4-952d-04bf554b1e3c;cc5428f3-79bd-40ad-88e1-f72380c1af7a;
Heimish scrub ;;;;;;;;;;Yes;24.00;;No;20.00;No;;No;;;each.each;Yes;7;0;;;;;HEIMISH;Yes;;https://images.sumup.com/img_1WMAG4RMGZ9WPRED52N74NNBJ2;;;;;;;Yes;Heimish scrub ;;;Yes;45;business;62e21c66-8701-412f-bf2c-3740a8001c64;7e3e7368-2d0e-4b39-9732-1d6b9e6c1542;
Hydraskin ;;;;;;;;;;Yes;80.00;;No;20.00;No;;No;;;each.each;Yes;-2;0;;;;;Soins de beauté;Yes;Black;;;;;;;;Yes;Hydraskin ;;;No;45;business;e77f3635-573d-4faf-a890-f8cffaaa562c;11e70c57-1f8a-4c8a-b218-2b12dc27c16e;
Hydraskin jelly ;;;;;;;;;;Yes;85.00;;No;20.00;No;;No;;;each.each;Yes;-3;0;;;;;Soins de beauté;Yes;Black;;;;;;;;Yes;Hydraskin jelly ;;;Yes;45;business;416ed876-1c15-4285-b38b-7e41a48fe7bf;c67a384e-1ec3-4d04-842e-54aad3dc804c;
Hyper Niacinamide 20 Serum;Hyper Niacinamide 20 Serum;;;;;;;;;Yes;20.00;;No;20.00;;;No;;;each.each;Yes;0;0;;;;;ABIB;Yes;;;;;;;;;No;;;;;;;cf7e4cfc-74fa-4be7-bf61-1e1363fd20cd;f6f80442-097a-4a3f-84f9-d821b7954745;
I'm from beet purifying mask;;;;;;;;;;Yes;22.00;;No;20.00;No;;No;;;each.each;Yes;3;0;;;;;I'm from;Yes;Pink;https://images.sumup.com/img_6BWNYP03Y88C89D072P5XCGJB5;;;;;;;Yes;I'm from beet purifying mask;;;Yes;45;business;60200fb4-dce3-40df-bad6-f4eae0756542;b2ab5a87-a2bb-438a-beca-2a8b4ca0948c;
I'm from honey mask;;;;;;;;;;Yes;19.50;;No;20.00;No;;No;;;each.each;Yes;3;0;;;;;I'm from;Yes;;https://images.sumup.com/img_3839FYEDPC8SERGC3GY3FJ0DK9;;;;;;;Yes;I'm from honey mask;;;Yes;45;business;c6dfcab4-c257-41a6-a33c-c9f7a1793121;d3e55d1f-7cff-4326-b774-d9d444e7a030;
I'm from mask rice;;;;;;;;;;Yes;26.50;;No;20.00;No;;No;;;each.each;Yes;2;0;;;;;I'm from;Yes;;https://images.sumup.com/img_0NAZMBV41S8T9TEAACS1K0GT0Z;;;;;;;Yes;I'm from mask rice;;;Yes;45;business;6aa69e8b-b941-4d63-9ad1-aa16683f8374;3b8055e0-fdc8-4ba1-b176-4b6173f3e227;
I'm from rice sunscreen;;;;;;;;;;Yes;21.00;;No;20.00;No;;No;;;each.each;No;0;0;;;;;I'm from;Yes;;https://images.sumup.com/img_67KE6Q5YBM891V8ZXY16W69HVM;;;;;;;Yes;I'm from rice sunscreen;;;Yes;45;business;b2d9c7ef-b920-4aed-b41a-b4f8ec72d428;abb49466-b573-4e14-bde6-ade827b72987;
I'm from toner rice;;;;;;;;;;Yes;27.50;;No;20.00;No;;No;;;each.each;Yes;3;0;;;;;I'm from;Yes;;https://images.sumup.com/img_1RDKGAPEAE86WAFZ63BJWCHJQE;;;;;;;Yes;I'm from toner rice;;;Yes;45;business;7de86cf1-6d4d-4eef-856d-2797b4d1fbce;843c7fcb-f0f1-462b-9a6d-d62200e9c14d;
ILLYOON - Gel douche hydratant frais 400 ml;;;;;;;;;;Yes;25.00;;No;20.00;;;No;;;each.each;Yes;1;0;;;;;ILLYOON;Yes;Light blue;https://images.sumup.com/img_025FKY5VBH912BGSETGE8R4NQV;;;;;;;Yes;;;;Yes;45;business;E25E7BA6-B1CA-4535-BE76-C9297CB77C6E;BF63B685-08C3-4E14-AF3D-1944DA459A12;
INNISFREE - Coffret Anti-Age Pour Homme;;;;;;;;;;Yes;25.00;;No;20.00;;;No;;;each.each;Yes;1;0;;;;;INNISFREE;Yes;Dark blue;https://images.sumup.com/img_6A7S3ZGTPC9DVBG6X9KR0FHKMW;;;;;;;Yes;;;;Yes;45;business;F488E5B7-D127-4F8D-97C0-DA24FFC38B33;D4F7F791-421D-47BC-A20F-59667EBDEA58;
INNISFREE- Kit Forest For Men;;;;;;;;;;Yes;25.00;;No;20.00;;;No;;;each.each;Yes;2;0;;;;;INNISFREE;Yes;Dark green;;;;;;;;Yes;;;;Yes;45;business;E91B3536-99F3-4D53-A789-619E5E32ABA3;C7B5E391-300E-48C9-9576-11E7B5FBFBCE;
Illiyoon;;;;;;;;;;Yes;23.90;;No;20.00;No;;No;;;each.each;Yes;5;2;;;;;ILLYOON;Yes;Light blue;https://images.sumup.com/img_44VWMT8JSF962B7KGES6T8GVZB;;;;;;;Yes;Illiyoon;;;Yes;45;business;6a65eea0-d73d-4e05-a4e3-3a41ee602e8f;bc3daf3f-244a-418f-9769-a3c3019ec005;
Isn tree Sun stick hyaluronic acid;;;;;;;;;;Yes;28.25;;No;20.00;No;;No;;;each.each;Yes;4;2;;;;;Isntree;Yes;Dark blue;https://images.sumup.com/img_25TNCC2C9N99B9KNJTVN8WCKHT;;;;;;;Yes;Isn tree Sun stick hyaluronic acid;;;Yes;45;business;552215f8-677f-431a-8ff3-368be5478e59;28f6657e-8dfb-4043-a350-7d7b080f4f89;
Isntree  toner ;;;;;;;;;;Yes;18.00;;No;20.00;No;;No;;;each.each;Yes;1;0;;;;;Isntree;Yes;Dark blue;https://images.sumup.com/img_1X2W3Q8HSA908BTF3HBKBY40DB;;;;;;;Yes;Isntree  toner ;;;Yes;45;business;c26884b9-df5f-456e-b114-9dca1596af0c;b8fac758-5d6e-4bca-8a5e-5a2a0d1356b7;
Isntree Sleeping mask;;;;;;;;;;Yes;21.99;;No;20.00;No;;No;;;each.each;Yes;4;0;;;;;Isntree;Yes;Dark blue;https://images.sumup.com/img_7APN9R0QWS8YW8GV0FCREH1FF0;;;;;;;Yes;Isntree Sleeping mask;;;Yes;45;business;6d992d17-7300-40c2-9df0-697d0ebebb71;ab341f53-2591-44c2-acfc-526c68aebb8d;
Isntree Yam root vegan milk toner;;;;;;;;;;Yes;22.99;;No;20.00;No;;No;;;each.each;Yes;2;2;;;;;Isntree;Yes;;;;;;;;;Yes;Isntree Yam root vegan milk toner;;;Yes;45;business;c64d64b7-610c-4f9c-ac91-fb810cedc0f2;f6bc68db-2f9a-40bc-a971-9a5cffd61328;
Isntree cream;;;;;;;;;;Yes;27.60;;No;20.00;No;;No;;;each.each;Yes;0;0;;;;;Isntree;Yes;Dark blue;https://images.sumup.com/img_6T7A4FEMNE9DS8088FE03G577C;;;;;;;Yes;Isntree cream;;;Yes;45;business;e601654a-485b-4edf-ad82-0effaf5c0c71;18578151-4fbd-4a28-8448-f7c69a80874d;
Isntree foam;;;;;;;;;;Yes;20.00;;No;20.00;No;;No;;;each.each;Yes;2;0;;;;;Isntree;Yes;Dark blue;https://images.sumup.com/img_5W3ASWHXRG9DWTAPPAFA35R0AK;;;;;;;Yes;Isntree foam;;;Yes;45;business;cb2d1746-52b8-4ebe-8beb-bbe751ca90eb;fe5f62a8-6569-472f-bd86-3319916865a2;
Isntree patch ;;;;;;;;;;Yes;6.99;;No;20.00;No;;No;;;each.each;Yes;2;0;;;;;Isntree;Yes;Pink;https://images.sumup.com/img_174X969X9K9S6A554Z206MG6A4;;;;;;;Yes;Isntree patch ;;;Yes;45;business;13fba4f4-ae32-4853-878f-61729bd83815;88a32a4c-1ce5-404a-b912-0b031e44e958;
Isntree serum niacinamide 20;;;;;;;;;;Yes;21.99;;No;20.00;No;;No;;;each.each;Yes;3;0;;;;;Isntree;Yes;Orange;https://images.sumup.com/img_480ZV4ARXC92E8AWRWX1N8433F;;;;;;;Yes;Isntree serum niacinamide 20;;;Yes;45;business;b2bc2e04-aebf-4b06-ae8b-8c00bb25105d;522946a3-2288-4718-a70d-1e8a76988793;
Isntree sun cream ;;;;;;;;;;Yes;20.00;;No;20.00;No;;No;;;each.each;Yes;4;0;;;;;Isntree;Yes;;https://images.sumup.com/img_2P0QMBVZDF800B0MK00247XTX6;;;;;;;Yes;Isntree sun cream ;;;Yes;45;business;eaa5f467-56ea-4f55-b471-757147d7a632;61c034bb-34d0-4539-9056-7a8997ea5df8;
Iunik  Centella relief sorbet cream;;;;;;;;;;Yes;20.00;;No;20.00;No;;No;;;each.each;Yes;3;2;;;;;iUNIK;Yes;Light green;;;;;;;;Yes;Iunik  Centella relief sorbet cream;;;Yes;45;business;7b614211-45ff-4574-9a31-9f0e99f98288;f9acd913-a5e6-4747-8391-1e6ea0b90e5b;
Iunik beta-glucan barrier sunscreen;;;;;;;;;;Yes;25.75;;No;20.00;No;;No;;;each.each;Yes;1;0;;;;;iUNIK;Yes;Light blue;https://images.sumup.com/img_3DBFBG24R28E5B4YAN1NVY1E17;;;;;;;Yes;Iunik beta-glucan barrier sunscreen;;;Yes;45;business;5e91f283-60df-4db0-a2b3-7190c889f3d3;62e7bff0-13f9-47a3-97a8-5a15231d4a24;
Iunik beta-glucan daily moisture cream;;;;;;;;;;Yes;20.00;;No;20.00;No;;No;;;each.each;Yes;4;2;;;;;iUNIK;Yes;Light blue;https://images.sumup.com/img_7HY8RZCX1C805TH5688PCWTJ47;;;;;;;Yes;Iunik beta-glucan daily moisture cream;;;Yes;45;business;2f774dc1-4975-442a-b36b-109e753f76f0;a9b435af-01b6-48f2-9f81-980dd8954c07;
Iunik beta-glucan lacto barrier milk essence;;;;;;;;;;Yes;23.59;;No;20.00;No;;No;;;each.each;Yes;2;1;;;;;iUNIK;Yes;Light blue;https://images.sumup.com/img_7QBF1NFYN8865SK5G04NXHX624;;;;;;;Yes;Iunik beta-glucan lacto barrier milk essence;;;Yes;45;business;c363bada-c15e-4ee5-90ba-a5452f478389;0c30994e-24ed-447f-8ed3-6f2eef30c7f6;
Iunik centella relief sorbet cream;;;;;;;;;;Yes;25.50;;No;20.00;No;;No;;;each.each;Yes;2;2;;;;;iUNIK;Yes;Light green;https://images.sumup.com/img_5SR6PHTYR4934ASMC5YHCCW22E;;;;;;;Yes;Iunik centella relief sorbet cream;;;Yes;45;business;e38dea72-2c6c-4a73-b5db-bac3e5cc1eb4;f86d7c8a-4daf-44d9-be66-46c777f3660d;
Jigott toner collagen;;;;;;;;;;Yes;18.00;;No;20.00;No;;No;;;each.each;Yes;2;0;;;;;Jigott;Yes;;https://images.sumup.com/img_7QC3PJ4Z4A891RGKSN8A0QXVB5;;;;;;;Yes;Jigott toner collagen;;;Yes;45;business;c334f02c-1a50-45e9-8a92-dc82e8a1562c;e1838b93-372a-48c1-b453-b6fba91fed92;
Jumiso - Pore Purifying Cleanser;;;;;;;;;;Yes;23.00;;No;20.00;No;;No;;;each.each;Yes;1;0;;;;;Jumiso;Yes;Dark blue;https://images.sumup.com/img_48SKR65RX296YBQ3FE0JP4KTRF;;;;;;;Yes;Jumiso cream acide hyaluronique;;;Yes;45;business;a9b87b32-382f-4e82-869c-880e0160d707;a43713dd-31a3-4bcf-ba38-d7d33414ef7f;
Jumiso acid hyaluronic serum ;;;;;;;;;;Yes;20.00;;No;20.00;No;;No;;;each.each;Yes;1;0;;;;;Jumiso;Yes;Dark blue;https://images.sumup.com/img_4ZEFF78GBJ8CZTRF9RYY3E2JGC;;;;;;;Yes;Jumiso acid hyaluronic serum ;;;Yes;45;business;b6a177b1-b6fa-455e-89ec-617a95a33400;774ad366-76f8-45cd-b1ee-e038a17b104b;
Kundal Treatment white musk;;;;;;;;;;Yes;21.99;;No;20.00;No;;No;;;each.each;Yes;5;0;;;;;Kundal;Yes;Purple;https://images.sumup.com/img_75FKBVPKZ19WSRWMTYQVZVHAWW;;;;;;;Yes;Kundal Treatment white musk;;;Yes;45;business;c2d4784d-c798-4b71-8dbb-cb2af7f78402;a37616bf-1bd4-4f82-9de6-bee57df63e5e;
Kundal body cream baby powder;;;;;;;;;;Yes;21.99;;No;20.00;No;;No;;;each.each;Yes;4;0;;;;;ABIB;Yes;;https://images.sumup.com/img_163DBCRTX09JCTV9ABRNA37H91;;;;;;;Yes;Kundal body cream baby powder;;;Yes;45;business;453cdcb6-02e6-48e4-9f89-ab527bd2d4d5;bdd794bc-d735-4ea0-b9e1-133adf6b8943;
Kundal body lotion  white musk;;;;;;;;;;Yes;22.99;;No;20.00;No;;No;;;each.each;Yes;2;0;;;;;Kundal;Yes;;https://images.sumup.com/img_44MFAJ24SY8EN9HERSF9PQ26E3;;;;;;;Yes;Kundal body lotion  white musk;;;Yes;45;business;9aa63786-b318-4bd1-ae30-e2cada7518ed;c49f1e1b-9cb9-4034-8397-1e1908ee81fd;
Kundal body wash baby powder;;;;;;;;;;Yes;18.00;;No;20.00;No;;No;;;each.each;Yes;4;0;;;;;Kundal;Yes;;https://images.sumup.com/img_174BT7QK6Y8B6A44Z135BWT191;;;;;;;Yes;Kundal body wash baby powder;;;Yes;45;business;3294b8b2-3089-4c53-ad09-99ee77ac6f51;046f8343-68df-4f94-8e82-26637e1443d5;
Kundal macadamia serum;;;;;;;;;;Yes;15.00;;No;20.00;No;;No;;;each.each;Yes;5;0;;;;;Kundal;Yes;;https://images.sumup.com/img_2MVF6KHKYB9CWSCF21KXW2H541;;;;;;;Yes;Kundal macadamia serum;;;Yes;45;business;7e576c19-1067-450c-8d8c-b30c0889043f;1811dfad-6264-42d2-985b-e271593f5223;
Kundal treament white rose;;;;;;;;;;Yes;20.00;;No;20.00;No;;No;;;each.each;Yes;3;0;;;;;Kundal;Yes;Purple;https://images.sumup.com/img_2NE8FG8M9M88TR459HV4Q0B6ZB;;;;;;;Yes;Kundal treament white rose;;;Yes;45;business;3f0ebf6f-9ef8-4ceb-a729-f4378b5aad36;44d7519a-a885-4f77-875d-7fa99189a196;
Lebelage serum glutathione;;;;;;;;;;Yes;15.00;;No;20.00;No;;No;;;each.each;Yes;3;0;;;;;LEBELAGE;Yes;Grey;https://images.sumup.com/img_6F0M2AK25R8YD8WZSJTD48ZMZM;;;;;;;Yes;Lebelage serum glutathione;;;Yes;45;business;2c7f74cc-5fcb-41b1-88b1-e6a131c54807;7b1462df-bc32-477e-9310-58006d3e25ba;
MARY&MAY - Retinol 0.1% Bakuchiol Cica Serum;;;;;;;;;;Yes;23.00;;No;20.00;;;No;;;each.each;Yes;2;0;;;;;MARY&MAY;Yes;Dark blue;https://images.sumup.com/img_6JPVVQ1ZH18E69APV5J4TX2542;;;;;;;No;;;;No;45;business;41DF45E8-7B59-4C3D-9F15-5CBBD55DD753;A8E5CE46-3DCB-4981-BFF6-E60F871B9E7F;
MARY&MAY - Rice Nacin 10% Triple Vitamin Serum;;;;;;;;;;Yes;23.00;;No;20.00;;;No;;;each.each;Yes;1;0;;;;;MARY&MAY;Yes;Dark blue;https://images.sumup.com/img_2RAGXG370W8SXRWRXHQWQJGQ0E;;;;;;;No;;;;No;45;business;B15EE0EF-248D-4EFF-AD28-5AF3FCBF0AB8;B2BEEE65-8B92-4D33-B119-F9D86BB27FFD;
MEDICUBE - Age-R Glutathione Glow Serum - 30g;;;;;;;;;;Yes;30.00;;No;20.00;No;28.00;No;;;each.each;Yes;2;2;;12346789518;;;MEDICUBE;Yes;Yellow;https://images.sumup.com/img_2HJ01YJ19G8BDTSHYYFYCC2DGR;;;;;;;Yes;;;;No;45;business;62cf7db8-7777-4707-976a-18217e16e703;96766763-cb21-4e68-a39f-7c5ec59a188d;
MEDICUBE - Collagen Jelly Cream  110ml;;;;;;;;;;Yes;29.30;;No;20.00;No;26.00;No;;;each.each;Yes;3;2;;12346789533;;;MEDICUBE;Yes;Pink;https://images.sumup.com/img_61GKC7CCXJ87E8K6G2800FBGCQ;;;;;;;Yes;;;;No;45;business;6f789940-fe5e-427e-8d24-c9d690330574;83f3ddc6-eebf-4695-8061-791fc8807a28;
MEDICUBE - Deep Vita C Pad- 150g/70pads;;;;;;;;;;Yes;37.00;;No;20.00;No;25.00;No;;;each.each;Yes;3;2;;12346789534;;;MEDICUBE;Yes;Yellow;https://images.sumup.com/img_50Y642FB779JVV9GJCP1WCTPWE;;;;;;;Yes;;;;No;45;business;8a09ae56-58d1-4e98-976e-7c59929e6166;990b3027-83c4-42bc-a327-ddcee9f5fa30;
MEDICUBE - Masque enveloppant de nuit au collagène - 75ml;;;;;;;;;;Yes;25.00;;No;20.00;No;26.75;No;;;each.each;Yes;3;2;;12346789531;;;MEDICUBE;Yes;Yellow;https://images.sumup.com/img_6C8SNNWPJ98RNV0846XEWGTMRK;;;;;;;Yes;;;;No;45;business;c5f60c22-4c4a-4b10-935d-b837fca67968;08dce909-0472-4efe-af36-c346ea64c2be;
MEDICUBE - PDRN Pink Cica Soothing Toner ;;;;;;;;;;Yes;24.00;;No;20.00;;;No;;;each.each;Yes;0;0;;;;;MEDICUBE;Yes;Pink;https://images.sumup.com/img_59ZNVTAMN59MKTAMECJAKESH6T;;;;;;;No;;;;No;45;business;935B2B79-96D9-409F-81D6-603595F89559;209703D3-AFCE-4A4F-8AB3-0C4EC00000A2;
MEDICUBE - Triple Collagen Serum;;;;;;;;;;Yes;24.50;;No;20.00;No;21.00;No;;;each.each;Yes;3;2;;12346789503;;;MEDICUBE;Yes;;https://images.sumup.com/img_2P4KX9R5RD9R0RCKSMNB45VZ4H;;;;;;;Yes;MEDICUBE - Triple Collagen Serum;;;No;45;business;cad53e50-6c39-49c3-a80b-30de78d829d7;21dbd1cb-a355-4e3a-b8eb-684b5805aad4;
MEDICUBE - Triple Collagen Toner - 140ml;;;;;;;;;;Yes;25.00;;No;20.00;No;25.00;No;;;each.each;Yes;4;2;;12346789532;;;MEDICUBE;Yes;;https://images.sumup.com/img_2ZASTMVFSK8TSTCC8QGJF9JM44;;;;;;;Yes;;;;No;45;business;4463d45f-f673-45ef-9f29-b2ec34abfc86;4de23252-6344-4323-9073-ca10f48b04ff;
MEDICUBE - Zero Foam Cleanser ;;;;;;;;;;Yes;18.20;;No;20.00;No;24.45;No;;;each.each;Yes;2;2;;12346789530;;;MEDICUBE;Yes;;https://images.sumup.com/img_2TP9CCFJH2834R58K91H89SX5N;;;;;;;Yes;;;;No;45;business;e1077438-765c-4886-9761-4707f7a57971;12d4a15c-435d-4a04-839a-ab14a21a9386;
MEDICUBE - Zero Pore One Day Serum;;;;;;;;;;Yes;23.90;;No;20.00;No;;No;;;each.each;Yes;0;0;;;;;MEDICUBE;Yes;Pink;https://images.sumup.com/img_3MYHDSBV6P8ADAAK5VNSG62HJM;;;;;;;Yes;;;;Yes;45;business;2448888D-AA4C-4ADF-9002-A5330650CDA0;96769CA2-D6BA-461A-8845-192AC0758D21;
MEDICUDE - Zero Pore Pad 2.0;;;;;;;;;;Yes;26.00;;No;20.00;No;;No;;;each.each;Yes;3;2;;;;;MEDICUBE;Yes;Dark blue;https://images.sumup.com/img_3326T0WQX1884R8DGES5VRYXGC;;;;;;;Yes;Medicube pads vita c ;;;Yes;45;business;3c572753-6da2-44d9-b0ec-c080866973d9;8d35d562-c8c5-478e-ae32-23140f1cb7e6;
MEDIHEAL - Madecassoside Blemish Repair Serum;;;;;;;;;;Yes;28.80;;No;20.00;No;;No;;;each.each;Yes;3;0;;;;;MEDIHEAL;Yes;Light blue;https://images.sumup.com/img_23R2XT99HG8ZJTS1SNKRYNP5MS;;;;;;;No;;;;No;45;business;BD6379D1-AE9D-4B85-9ECF-CD1C7638FD36;E43EE667-E678-47CC-B632-EFDE17004B52;
MEDIHEAL - Vitamin C Brightening Serum 40ml;;;;;;;;;;Yes;28.99;;No;20.00;;;No;;;each.each;Yes;0;0;;;;;MEDIHEAL;Yes;Light blue;https://images.sumup.com/img_03TG921X808EETAA4R6YBJZRD3;;;;;;;No;;;;No;45;business;28A47BC4-BFB8-4B17-B36A-B6F92F71B6F0;D82E1AD0-E935-4BE8-900A-03635A61B8B6;
MEDIPEEL - Retinol Collagen Lifting Cream;;;;;;;;;;Yes;25.00;;No;20.00;No;;No;;;each.each;Yes;-1;0;;;;;Medipeel;Yes;;https://images.sumup.com/img_6E8YESMGZV8K6VNBX6WB4YP6YG;;;;;;;Yes;;;;Yes;45;business;A0655493-835F-492D-9391-5DEDE1C663AF;E0B9E8BA-EBF1-4F1C-BD68-25B1D73766EF;
MEDIX 5.5 - Retinol Ferulic Acid Body Cream ;;;;;;;;;;Yes;26.00;;No;20.00;No;;No;;;each.each;Yes;1;2;;;;;MEDIX 5.5;Yes;;https://images.sumup.com/img_2279FBYBMV80BVPHPTRH8X23XF;;;;;;;Yes;MEDIX 5.5 - Retinol Ferulic Acid Body Cream ;;;No;45;business;4afeaca3-f414-4e05-9e77-d10d0d11cc43;71427f78-c517-437d-bdc6-a566b3f25772;
MEDIX 5.5 - Vitamin C + Curcuma Body Cream ;;;;;;;;;;Yes;25.00;;No;20.00;No;;No;;;each.each;Yes;1;2;;;;<p><strong>La crème Medix 5.5 à la vitamine C et au curcuma</strong> est un soin hydratant et éclaircissant pour le corps et le visage, conçu pour améliorer l’éclat et la fermeté de la peau. Grâce à la <strong>vitamine C</strong>, elle unifie le teint, stimule la production de collagène et réduit les signes du vieillissement (ridules, taches, dommages du soleil). Sa formule contient des <strong>ingrédients nourrissants</strong> tels que le beurre de karité, la vitamine E, l’aloe vera, le curcuma, la glycérine et le gingembre, qui hydratent, apaisent et protègent la peau.</p><p>Adaptée à <strong>tous les types de peau</strong>, même sensibles, cette crème non grasse peut s’utiliser au quotidien sur le visage et le corps. Elle est <strong>vegan, sans cruauté animale</strong>, et exempte de parabènes, sulfates, PEG, colorants, et autres substances controversées. Fabriquée aux États-Unis, elle est testée dermatologiquement et cliniquement.</p>;MEDIX 5.5;Yes;;https://images.sumup.com/img_47XKGXZJQ29PM8MFX1BBZZ79AT;;;;;;;Yes;MEDIX 5.5 - Vitamin C + Curcuma Body Cream ;;;Yes;45;business;fab5fcc6-1927-45d2-840d-3842f9933d13;0d68bb59-d582-4fc9-b95a-bf32d7cb2663;
MISSHA - Masque en feuille Airy Fit;;;;;;;;;;Yes;3.00;;No;20.00;;;No;;;each.each;Yes;4;2;;;;;MISSHA;Yes;;https://images.sumup.com/img_0CYVGJ4KSH8A9A01RKKD5MWZHW;;;;;;;Yes;;;;Yes;45;business;10CDA79B-7970-4CB5-850F-880F9BB1F24D;53FC8290-1C05-48C5-8E28-FED661E6BC09;
MIXSOON - Bean Eye Cream;;;;;;;;;;Yes;19.99;;No;20.00;No;;No;;;each.each;Yes;1;0;;;;;MIXSOON;Yes;;https://images.sumup.com/img_04K2Z3WMZ28TDVVA42JDA2PHZC;;;;;;;No;;;;No;45;business;e69e62fc-3dec-462a-8330-252c27cc3813;2c7e0d9b-2abf-4733-b98e-ec2f47786a11;
MIXSOON - Bean Toner Pads;;;;;;;;;;Yes;30.00;;No;20.00;No;;No;;;each.each;Yes;1;0;;;;;MIXSOON;Yes;Yellow;https://images.sumup.com/img_5FFYCSBRN29TN8G2VXYP9JS4T8;;;;;;;Yes;Mixsoon Beab Toner Pad;;;Yes;45;business;646fc3eb-379c-42ef-9824-7b4b2511daaa;9ff7d876-1cd5-44bc-9441-99432c563d87;
MIXSOON - Essence de haricot - 50ml;;;;;;;;;;Yes;21.00;;No;20.00;No;21.00;No;;;each.each;Yes;2;2;;12346789549;;;MIXSOON;Yes;Light blue;https://images.sumup.com/img_7XT6J2DN259AJ9KZV1FSX5DCDS;;;;;;;Yes;;;;No;45;business;6675586c-c09a-49e0-9eda-9e58fcf539ae;6ee047ad-f148-4cc2-87a5-37cd3ff17a5f;
MIXSOON - Galactomyces Ferment Essence;;;;;;;;;;Yes;29.99;;No;20.00;No;;No;;;each.each;Yes;1;0;;;;;MIXSOON;Yes;;https://images.sumup.com/img_3BS6M8XM849FKR3ZPQ3F2RACHF;;;;;;;No;;;;No;45;business;21b4f148-1e0c-43b0-b153-37722015ce52;bd2573da-4c22-44c0-a47f-99bef300f0bb;
MIXSOON - Soondy Centella Asiatica Essence;;;;;;;;;;Yes;27.00;;No;20.00;No;27.00;No;;;each.each;Yes;0;2;;12346789516;;;MIXSOON;Yes;;https://images.sumup.com/img_2NH63GNEWG9EJVQ5K1P7Z4NRYW;;;;;;;Yes;;;;No;45;business;7e1a5425-6fdf-4e37-ac59-924d10b21b7f;442b3256-128a-42fa-8265-98c32248f298;
Madérothérapie;;;;;;;;;;Yes;95.00;;No;20.00;No;;No;;;each.each;Yes;0;0;;;;;Massages;Yes;Black;;;;;;;;Yes;Madérothérapie;;;No;45;business;71b82c64-399e-43c6-bb91-5ed87296e49a;7ae82936-0abc-4e33-b760-0285f8a57b2e;
Manyo - Bifida Biome Complexe Ampoule;;;;;;;;;;Yes;28.60;;No;20.00;No;;No;;;each.each;Yes;1;0;;;;;Ma:nyo;Yes;;https://images.sumup.com/img_5PJ3SKPGW38AS9RQHXF3M3HTMW;;;;;;;Yes;Manyo - Bifida Biome Complexe Ampoule;;;Yes;45;business;6248cb67-e51a-4b4b-bac9-e2350fb0a1a8;973c32ef-cd11-4a09-91c8-c7f34311ffde;
Manyo - pure cleansing oil;;;;;;;;;;Yes;23.99;;No;20.00;No;;No;;;each.each;Yes;1;0;;;;;Ma:nyo;Yes;Orange;https://images.sumup.com/img_3YECV8JBZF8QNVX769D0SFVTDV;;;;;;;Yes;Manyo - pure cleansing oil;;;Yes;45;business;0E34DD7F-BABA-4758-914D-42C6B5EC7266;CE0EDF29-11C7-44BB-96BE-491824965613;
Manyo bifida complex foam;;;;;;;;;;Yes;18.00;;No;20.00;No;;No;;;each.each;Yes;4;0;;;;;Ma:nyo;Yes;Yellow;https://images.sumup.com/img_68M2Y3X8TD8ZYVR71TH8E1SM9T;;;;;;;Yes;Manyo bifida complex foam;;;Yes;45;business;42b2650a-06cd-41ea-82a6-58582f6067f6;ac7325cc-5a38-4726-bf45-21b5007e6298;
Manyo foam  pore et deep ;;;;;;;;;;Yes;20.00;;No;20.00;No;;No;;;each.each;Yes;5;0;;;;;Ma:nyo;Yes;;https://images.sumup.com/img_61W42XWCS38YJVP1J3PZW3D5KR;;;;;;;Yes;Manyo foam  pore et deep ;;;Yes;45;business;ba1302fb-5393-4904-8ae0-4beefaf4aa63;ae59d14c-46d9-40d8-b4f2-8ac8860abfd6;
Manyo huile pore;;;;;;;;;;Yes;23.00;;No;20.00;No;;No;;;each.each;Yes;1;0;;;;;Ma:nyo;Yes;;https://images.sumup.com/img_48XMW7DTK29Q59T0X9EHV59C9W;;;;;;;Yes;Manyo huile pore;;;Yes;45;business;1528429b-1ab1-442d-9434-37aa4c3cc162;6199c5e1-6fce-4a83-9ca5-714a464f4491;
Manyo pore cream;;;;;;;;;;Yes;18.00;;No;20.00;No;;No;;;each.each;Yes;1;0;;;;;Ma:nyo;Yes;Yellow;https://images.sumup.com/img_2803EHRWJ39VKVFCXWRBMAMQDX;;;;;;;Yes;Manyo pore cream;;;Yes;45;business;b7cb6115-47d7-4218-9a85-7b0522193c19;18999eba-f4f7-4de1-8c1b-877b4789bb9d;
Manyo toner whitening;;;;;;;;;;Yes;20.00;;No;20.00;No;;No;;;each.each;Yes;5;0;;;;;Ma:nyo;Yes;;https://images.sumup.com/img_3863TMFHMC8ACVMNPM9JNMW1M0;;;;;;;Yes;Manyo toner whitening;;;Yes;45;business;8d49fca4-e61e-4a5e-a708-54a7f1eab41f;6c5133d1-7a51-4950-b1b4-9829b790dfed;
Mary &May oil gluthatione ;;;;;;;;;;Yes;22.99;;No;20.00;No;;No;;;each.each;Yes;2;0;;;;;MARY&MAY;Yes;Purple;https://images.sumup.com/img_7Y5XPHACPF9GZTPZKFRAEY6A3Y;;;;;;;Yes;Mary &May oil gluthatione ;;;Yes;45;business;054cd2e4-3ffa-43c2-9147-9d32b0dce11a;2b6f1d1d-92ab-49e4-a733-bf735e31258e;
Mary et may retinol pdrn;;;;;;;;;;Yes;15.99;;No;20.00;No;;No;;;each.each;Yes;5;0;;;;;MARY&MAY;Yes;Yellow;https://images.sumup.com/img_323K6G1XTQ8N9R758PNMX7B9BY;;;;;;;Yes;Mary et may retinol pdrn;;;Yes;45;business;c6e242eb-33f6-41ee-a147-e47f45e2dbc5;381c810f-51b0-4b52-bbfa-f2cb386b5823;
Mary&May ;;;;;;;;;;Yes;20.00;;No;20.00;No;;No;;;each.each;Yes;5;0;;;;;MARY&MAY;Yes;Purple;https://images.sumup.com/img_42X7R2C7PB9E0V3F8MR7XR4GHV;;;;;;;Yes;Mary&May ;;;Yes;45;business;d59162b1-8c95-4669-a976-7b8e65f9015f;80ee483e-15b4-402b-876d-0d022b1bcdfc;
Mary&May serum Houttuynia ;;;;;;;;;;Yes;21.99;;No;20.00;No;;No;;;each.each;Yes;1;0;;;;;MARY&MAY;Yes;Dark green;https://images.sumup.com/img_1AGN9VV5NX84AAA623Y2QJRACJ;;;;;;;Yes;Mary&May serum Houttuynia ;;;Yes;45;business;84d943ce-9d29-49b3-92f0-e920b001b81c;e74cfe16-ff65-47ff-ab34-6598775f7c54;
Masque  vita Numbuzin;;;;;;;;;;Yes;6.60;;No;20.00;No;;No;;;each.each;Yes;5;0;;;;;NUMBUZIN ;Yes;;https://images.sumup.com/img_4KFJD2J8RK9XXRMTFRFEFJ1DQX;;;;;;;Yes;Masque  vita Numbuzin;;;Yes;45;business;06f073ed-aebe-4019-8113-7360d7257379;274c269d-f87e-4947-9748-c60021c7b182;
Masque numbuzin bleu ;;;;;;;;;;Yes;6.60;;No;20.00;No;;No;;;each.each;Yes;7;0;;;;;NUMBUZIN ;Yes;;https://images.sumup.com/img_6ZGJEVTF8R9KSTWM5FAJ5HZX6J;;;;;;;Yes;Masque numbuzin bleu ;;;Yes;45;business;8abb91da-8b56-4785-8ddc-0960494e1dda;7c0106f9-df81-432b-b792-9c1a451653b6;
Masque numbuzin collagen ;;;;;;;;;;Yes;6.99;;No;20.00;No;;No;;;each.each;Yes;11;0;;;;;NUMBUZIN ;Yes;;https://images.sumup.com/img_5D4FNYACQ785CVDW3YMPRFW4VR;;;;;;;Yes;Masque numbuzin collagen ;;;Yes;45;business;321e0e51-f28d-4a52-b1bf-a4d72494cc44;0b1ce47b-ca66-479d-8912-da6af0394668;
Medicube Azelaic acid toner;;;;;;;;;;Yes;23.90;;No;20.00;No;;No;;;each.each;Yes;3;1;;;;;MEDICUBE;Yes;Light blue;https://images.sumup.com/img_53A7RAZH9C81QTRVXZ1KTPYH9J;;;;;;;Yes;Medicube Azelaic acid toner;;;Yes;45;business;46c2db5c-e867-455b-80c1-3a7732456f08;a8d23443-181b-4c5a-8fba-f8e07239f9a1;
Medicube Madk Pdrn collagen;;;;;;;;;;Yes;6.75;;No;20.00;No;;No;;;each.each;No;0;0;;;;;MEDICUBE;Yes;;https://images.sumup.com/img_5RSXFKDECY8VQ906HKXCJJSPP1;;;;;;;Yes;Medicube Madk Pdrn collagen;;;Yes;45;business;0c7d7e30-02cb-4ee1-88bd-75e8bb1eb82d;8c69cfdc-72a4-40f4-8a50-27aa4c45c73a;
Medicube PDRN booster gel;;;;;;;;;;Yes;30.99;;No;20.00;No;;No;;;each.each;Yes;2;1;;;;;MEDICUBE;Yes;Pink;https://images.sumup.com/img_2KK805W13D8KBAW01RPNB4VRXT;;;;;;;Yes;Medicube PDRN booster gel;;;Yes;45;business;7f1544f5-20c3-4c18-8aa6-3fa80d83020f;8f825675-7667-433e-ac57-29fdca0b5d04;
Medicube Red cream ;;;;;;;;;;Yes;23.99;;No;20.00;No;;No;;;each.each;Yes;4;0;;;;;MEDICUBE;Yes;;https://images.sumup.com/img_1JW7BR965E97YSTNA924Y446K5;;;;;;;Yes;Medicube Red cream ;;;Yes;45;business;56ffec4c-b3f5-4247-b115-14b318656232;e8005aa1-d2bb-4f30-9032-413f35a0a6c2;
Medicube Zero Pore  Cleansing Oil;;;;;;;;;;Yes;24.00;;No;20.00;No;;No;;;each.each;Yes;6;0;;;;;MEDICUBE;Yes;;https://images.sumup.com/img_3MTZHNN8H18DFTPJ93988RE9RD;https://images.sumup.com/img_7V729N56SB8WJAXCFZA63BDFSX;;;;;;No;;;;No;45;business;6c4c1aaa-3f55-4300-8350-cdcb7f9ffef9;0dd9d76c-7d59-4231-b99e-6dd9463b7fae;
Medicube gluthation serum;;;;;;;;;;Yes;23.50;;No;20.00;No;;No;;;each.each;Yes;0;0;;;;;MEDICUBE;Yes;;https://images.sumup.com/img_5ECXTQMJ6H9RR81EZ1AC53MTC8;;;;;;;Yes;Medicube gluthation serum;;;Yes;45;business;e0d78cf5-e04a-4574-9b60-05b13c90fc83;01a0e53f-de47-42dc-aef1-45e5ceacf837;
Medicube kojic acid pad;;;;;;;;;;Yes;35.99;;No;20.00;No;;No;;;each.each;Yes;3;1;;;;;MEDICUBE;Yes;Yellow;https://images.sumup.com/img_4NH4BGY8Y698BBFTRP2EDYXQJV;;;;;;;Yes;Medicube kojic acid pad;;;Yes;45;business;864a5b2e-30f2-4d00-8af8-ec8d8a6602da;78ef80d6-4ede-42ee-8c61-73aa3e5fb375;
Medicube kojic acid toner;;;;;;;;;;Yes;23.50;;No;20.00;No;;No;;;each.each;Yes;3;1;;;;;MEDICUBE;Yes;Yellow;https://images.sumup.com/img_2KRCHE2CZQ8J1SXY7TJ97CJY67;;;;;;;Yes;Medicube kojic acid toner;;;Yes;45;business;dd9150c7-af98-43fa-9af7-5abeed3f7586;39a5f901-7302-4dc6-975f-d27655c7491d;
Medicube kojic acid turmeric;;;;;;;;;;Yes;30.00;;No;20.00;No;;No;;;each.each;Yes;0;0;;;;;MEDICUBE;Yes;Yellow;https://images.sumup.com/img_28VE5ZHMGE9ZNS6F7R595X673K;;;;;;;Yes;Medicube kojic acid turmeric;;;Yes;45;business;b93e39a1-3c44-49d1-8ef0-d5b6d0c910ab;5a1ca12f-8a32-4829-9b90-128b859c6a6f;
Medicube niacinamide cream;;;;;;;;;;Yes;25.00;;No;20.00;No;;No;;;each.each;Yes;0;0;;;;;MEDICUBE;Yes;Dark red;https://images.sumup.com/img_62R3NBFM6B8A88ZH9SRSKEDYCV;;;;;;;Yes;Medicube niacinamide cream;;;Yes;45;business;319a55fc-8f8d-4a8c-a3a9-874b9e345ea4;3fb7b3c2-6df2-4759-bb15-82ce6166fb6d;
Medicube pads PDRN Collagen toner pad;;;;;;;;;;Yes;37.00;;No;20.00;No;;No;;;each.each;Yes;3;0;;;;;MEDICUBE;Yes;Pink;https://images.sumup.com/img_35B8MB5FFP8HVBVM9H07R4BWC6;;;;;;;Yes;Medicube pads PDRN Collagen toner pad;;;Yes;45;business;a0b910f7-75e3-4755-9845-80053b5dd742;3e92099d-5929-4454-ae24-2e02ca476414;
Medicube pdrn collagen cream;;;;;;;;;;Yes;24.00;;No;20.00;No;;No;;;each.each;Yes;0;0;;;;;MEDICUBE;Yes;;https://images.sumup.com/img_46MN1MG5Z3901SP2E352KD6K63;;;;;;;Yes;Medicube pdrn collagen cream;;;Yes;45;business;d3db90ea-b822-404b-93e8-2d9ab041511a;22bc8d43-4024-4ce0-8016-a6ed8683d97e;
Medicube pdrn gluthation serum mist;;;;;;;;;;Yes;15.00;;No;20.00;No;;No;;;each.each;Yes;3;0;;;;;MEDICUBE;Yes;;https://images.sumup.com/img_6H64DFR7TR9RKAGJB1F78A0YNZ;;;;;;;Yes;Medicube pdrn gluthation serum mist;;;Yes;45;business;d3182741-3797-4385-96ed-8d39810d7972;dfa66675-545b-4307-b944-f6c126e16254;
Medicube peel succinic acid;;;;;;;;;;Yes;30.00;;No;20.00;No;;No;;;each.each;Yes;3;1;;;;;MEDICUBE;Yes;Light red;https://images.sumup.com/img_50F0VQDGVR8QAAGZSP36G500M3;;;;;;;Yes;Medicube peel succinic acid;;;Yes;45;business;81a1dc3f-88aa-4e65-9157-d7af9a1790a7;ad72fb0d-c151-4fb7-8fb2-7e349fa25d9b;
Medicube pore zero pad mild;;;;;;;;;;Yes;26.00;;No;20.00;No;;No;;;each.each;Yes;1;0;;;;;MEDICUBE;Yes;;https://images.sumup.com/img_4YWWFPMK6996PVYR1P8ZTKAXYB;;;;;;;Yes;Medicube pore zero pad mild;;;Yes;45;business;23fe57fc-e98f-43f5-8648-24ad4ec5ace8;7037d7cc-f108-474c-94d3-9d9bd4a522f2;
Medicube red serum;;;;;;;;;;Yes;21.99;;No;20.00;No;;No;;;each.each;Yes;2;2;;;;;MEDICUBE;Yes;Light red;https://images.sumup.com/img_5QZF5B295F8X4RHGJ8VZHSJNXF;;;;;;;Yes;Medicube red serum;;;Yes;45;business;7c0ea8cd-3b1a-4ca6-ad91-0227388b8d03;860394f9-8a9e-48d9-801b-11d365765f42;
Medicube rouge pad ;;;;;;;;;;Yes;24.99;;No;20.00;No;;No;;;each.each;Yes;2;0;;;;;MEDICUBE;Yes;;https://images.sumup.com/img_6DNXNC5TAG8HHTTP20D8KTYX7Y;;;;;;;Yes;Medicube rouge pad ;;;Yes;45;business;6073f454-3644-42f6-8ebe-be41351f0d3d;7755bc19-0700-491f-b990-e52d7594c6b4;
Medicube serum one Day ;;;;;;;;;;Yes;22.00;;No;20.00;No;;No;;;each.each;Yes;3;0;;;;;MEDICUBE;Yes;Dark blue;https://images.sumup.com/img_5Q1EE0B1DC9V9B9F38P42Y0VDV;;;;;;;Yes;Medicube serum one Day ;;;Yes;45;business;32af23e0-5fbe-4bc1-9c02-a59b4f1f61e5;9c3f5a80-6b7b-490e-a60a-27f61e157a26;
Medicube succinic serum;;;;;;;;;;Yes;24.95;;No;20.00;No;;No;;;each.each;Yes;5;0;;;;;MEDICUBE;Yes;;https://images.sumup.com/img_4SWB38SJ0W8XMVFXJMRD9MAZ0V;;;;;;;Yes;Medicube succinic serum;;;Yes;45;business;a4c9b4dc-d8cb-43c7-97c5-4923388288de;2d6b6457-2c22-473c-9670-226a944c76f5;
Medicube zero one Day cream;;;;;;;;;;Yes;25.00;;No;20.00;No;;No;;;each.each;Yes;3;3;;;;;MEDICUBE;Yes;Dark blue;https://images.sumup.com/img_6C9C738PCE9D9BMYENQWEDGAQF;;;;;;;Yes;Medicube zero one Day cream;;;Yes;45;business;0a8f1f95-b2e0-4265-b6a7-baa35d3e64cb;cc29bc99-f2d2-4b72-9c51-2822fdfcc67b;
Medicube zero pore  cream;;;;;;;;;;Yes;33.50;;No;20.00;No;;No;;;each.each;Yes;2;0;;;;;MEDICUBE;Yes;Dark blue;https://images.sumup.com/img_3AM0SMNKPB96NSM32YKF8PMMN6;;;;;;;Yes;Medicube zero pore  cream;;;Yes;45;business;4239caeb-2bbf-4848-960e-4171e51a5f35;1d4fa282-18d1-43d9-9051-fe498041d977;
Medicube zero pore cream;;;;;;;;;;Yes;32.00;;No;20.00;No;;No;;;each.each;Yes;0;0;;;;;MEDICUBE;Yes;Dark blue;https://images.sumup.com/img_2KKRKH2N8Z9XGSQKP2Q7M22MYK;;;;;;;Yes;Medicube zero pore cream;;;Yes;45;business;bb7c82be-d9d1-4afe-add3-6cbbd5850a05;d404523d-6876-41a1-8acb-05de3ed76d39;
Medicube zero pore foam;;;;;;;;;;Yes;22.00;;No;20.00;No;;No;;;each.each;Yes;3;0;;;;;MEDICUBE;Yes;Light blue;https://images.sumup.com/img_4MJZZ6PZCS9A9A665JEN4TD05N;;;;;;;Yes;Medicube zero pore foam;;;Yes;45;business;31cb7703-ce01-4895-9434-f624b6868d42;4b95f839-9336-47e5-9a69-906e726e52f4;
Medicube zero pore mask;;;;;;;;;;Yes;18.65;;No;20.00;No;;No;;;each.each;Yes;3;0;;;;;MEDICUBE;Yes;Dark blue;https://images.sumup.com/img_75E4NPZC829PPTWST5681MFTCV;;;;;;;Yes;Medicube zero pore mask;;;Yes;45;business;b694eb09-5cb4-4a2f-8c31-db490e5c8bd0;65aa3629-4f98-484e-871f-093a9f9484b0;
Medicube zero pore serum;;;;;;;;;;Yes;21.50;;No;20.00;No;;No;;;each.each;Yes;3;2;;;;;MEDICUBE;Yes;Dark blue;https://images.sumup.com/img_408HFK0PHF8ZSA74XTM097F39D;;;;;;;Yes;Medicube zero pore serum;;;Yes;45;business;ca78f566-c3b7-42ea-8056-b5344111ffa0;b1041bcc-f03b-45c6-a289-f7dd1e054876;
Mediheal pads vitamide ;;;;;;;;;;Yes;33.00;;No;20.00;No;;No;;;each.each;Yes;3;0;;;;;MEDIHEAL;Yes;Light green;https://images.sumup.com/img_4F64NVZJ1J92EB23CB1XHPP780;;;;;;;Yes;Mediheal pads vitamide ;;;Yes;45;business;9ed3ad08-b11b-42dd-a729-ecd6e342e42e;a8bbf7d4-a170-45ad-8fbf-fb81709cc3c0;
Medipeel  trouble toner;;;;;;;;;;Yes;22.00;;No;20.00;No;;No;;;each.each;Yes;-1;0;;;;;MEDIPEEL;Yes;Light green;https://images.sumup.com/img_1T6QK98EWX9RBA47YGK017RH1E;;;;;;;Yes;Medipeel  trouble toner;;;Yes;45;business;b59dfc07-b95b-4c83-b322-b3735f702831;d561e311-c599-4c54-aecf-5ca37396fdc5;
Medipeel  young cica toner ;;;;;;;;;;Yes;21.60;;No;20.00;No;;No;;;each.each;Yes;-3;0;;;;;MEDIPEEL;Yes;;https://images.sumup.com/img_3M6PKTTXNC91J8FBVB1EN5M5XH;;;;;;;Yes;Medipeel  young cica toner ;;;Yes;45;business;8b18ffce-6456-455d-9c42-cc4f96b841ed;bb7b8987-3927-4126-8171-98da5ac74739;
Medipeel + volume biotope pro ;;;;;;;;;;Yes;22.99;;No;20.00;No;;No;;;each.each;Yes;2;0;;;;;MEDIPEEL;Yes;;https://images.sumup.com/img_038MNTK64F9VRSRGZ98HWRSE3X;;;;;;;Yes;Medipeel + volume biotope pro ;;;Yes;45;business;75a23530-4c89-4b21-8fa9-5ff55299df93;aa478ded-7b03-40e2-a2d2-1d223aefbd4f;
Medipeel aqua volume tox;;;;;;;;;;Yes;22.99;;No;20.00;No;;No;;;each.each;Yes;2;0;;;;;Medipeel;Yes;Dark red;https://images.sumup.com/img_5R7S6A4C7B9HA8FQ5GM3W8FMZW;;;;;;;Yes;Medipeel aqua volume tox;;;Yes;45;business;18064f56-e7ec-4b9e-b816-7a270094d8b4;8122eb65-1506-4533-95a8-63c1144e38de;
Medipeel collagen cream;;;;;;;;;;Yes;26.00;;No;20.00;No;;No;;;each.each;Yes;1;0;;;;;MEDIPEEL;Yes;;https://images.sumup.com/img_7ERXBP6J3Q9F39C0M8PZS63SCC;;;;;;;Yes;Medipeel collagen cream;;;Yes;45;business;841ca39e-11b0-4be8-a8d5-7061815fb4df;a2513c54-618e-4f45-b454-f4244d941782;
Medipeel cream;;;;;;;;;;Yes;25.00;;No;20.00;No;;No;;;each.each;Yes;0;0;;;;;MEDIPEEL;Yes;Dark red;https://images.sumup.com/img_2CKMBTDYKV9WKR7XNWZWZ0GJTV;;;;;;;Yes;Medipeel cream;;;Yes;45;business;ed015e42-ec55-43e0-be9a-a3c7cc7e6985;ae94b954-ddae-4054-98fd-2c54d649b0dc;
Medipeel herbal cream peel tox ;;;;;;;;;;Yes;17.00;;No;20.00;No;;No;;;each.each;Yes;4;0;;;;;Medipeel;Yes;Light green;https://images.sumup.com/img_6B293MEQTY830VDMSTDEQH7PWG;;;;;;;Yes;Medipeel herbal cream peel tox ;;;Yes;45;business;4a7e59d6-92b8-420d-83e2-1e5519270ac8;2a597758-2504-450d-9a59-f52139ec6f60;
Medipeel herbal peel tox pro ;;;;;;;;;;Yes;20.00;;No;20.00;No;;No;;;each.each;Yes;5;0;;;;;Medipeel;Yes;Light green;https://images.sumup.com/img_733YN0TAXJ9CGSKBAD4PHAC7CX;;;;;;;Yes;Medipeel herbal peel tox pro ;;;Yes;45;business;e970df0d-9815-4384-b826-e7eb9b0896ff;fc6d1c74-80d0-478b-96a5-eafd3a4c5e15;
Medipeel lifting cream;;;;;;;;;;Yes;33.60;;No;20.00;No;;No;;;each.each;Yes;0;0;;;;;Medipeel;Yes;;https://images.sumup.com/img_51M5GXZ08P9S58AJ5N06KQF9K4;;;;;;;Yes;Medipeel lifting cream;;;Yes;45;business;490893a5-b2e4-447e-8b06-11d87e3fb398;b0239a76-c567-4225-a81e-bdb7e12c1a3e;
Medipeel mela stick peptide 9;;;;;;;;;;Yes;16.50;;No;20.00;No;;No;;;each.each;Yes;3;0;;;;;MEDIPEEL;Yes;;https://images.sumup.com/img_1T4RVWSDPC8CYSVP45F8MAB49Y;;;;;;;Yes;Medipeel mela stick peptide 9;;;Yes;45;business;3fbfee30-182d-4f9c-98c4-9bc47ef1dd31;4bbea545-a29f-44b4-8579-8d781026d6cc;
Medipeel serum gluthation ;;;;;;;;;;Yes;19.99;;No;20.00;No;;No;;;each.each;Yes;3;2;;;;;MEDIPEEL;Yes;Dark red;https://images.sumup.com/img_76AVRFP9EN9NQV4FYD35TN8GNZ;;;;;;;Yes;Medipeel serum gluthation ;;;Yes;45;business;9d863e01-11c2-4c3f-a8b9-e4cba94ca352;01bfa184-64c1-4a0c-8afe-3c7d38f0c43b;
Medipeel toner gluthation;;;;;;;;;;Yes;20.00;;No;20.00;No;;No;;;each.each;Yes;5;0;;;;;MEDIPEEL;Yes;Dark red;https://images.sumup.com/img_3MCY8HB7148VR80B05J8Z3RWYE;;;;;;;Yes;Medipeel toner gluthation;;;Yes;45;business;3e85009b-4e9a-44ad-901d-7993a0311496;4364abc0-196a-4ddd-a9b4-4449d8d37e0f;
Medipeel volume et tension pro cream;;;;;;;;;;Yes;22.99;;No;20.00;No;;No;;;each.each;Yes;0;0;;;;;MEDIPEEL;Yes;;https://images.sumup.com/img_0KPH2G8GC39VNR6XH00KBENM5M;;;;;;;Yes;Medipeel volume et tension pro cream;;;Yes;45;business;79a7d54a-8c4c-4110-a8ed-420fad0a8d8e;0ddea999-f3a3-412e-97ea-50e19ab4bcc6;
Medipeel volume lifting essence;;;;;;;;;;Yes;37.50;;No;20.00;No;;No;;;each.each;Yes;2;1;;;;;MEDIPEEL;Yes;Grey;https://images.sumup.com/img_5JWEY7S3XF89DRDCP27T3NPC05;;;;;;;Yes;Medipeel volume lifting essence;;;Yes;45;business;db1e5845-9ede-47dc-845d-777232a1a4f2;0c3b22b5-457f-4957-958d-441cb5ea856a;
Medipeel volume tox cream peptide 9;;;;;;;;;;Yes;25.00;;No;20.00;No;;No;;;each.each;Yes;1;0;;;;;Medipeel;Yes;;https://images.sumup.com/img_0WM77RQ8KJ8J680Q6FRBMA9JJ5;;;;;;;Yes;Medipeel volume tox cream peptide 9;;;Yes;45;business;1618e3d4-e00a-4464-8218-b2b8a66bb769;fa22a461-e894-46ca-99b7-40d5649918cb;
Medix Collagen+peptides body cream;;;;;;;;;;Yes;26.00;;No;20.00;No;;No;;;each.each;Yes;2;0;;;;;A'pieu;Yes;Light blue;https://images.sumup.com/img_55J56YWQ2C9NRSKJFY2Q38S7M7;;;;;;;Yes;Medix Collagen+peptides body cream;;;Yes;45;business;e92bedd7-39f6-465b-9d5d-7e998e1f1e84;d6fc7709-19b6-486e-8769-4ecf2fec42e4;
Medix body wash Vita C;;;;;;;;;;Yes;22.90;;No;20.00;No;;No;;;each.each;Yes;1;2;;;;;MEDIX 5.5;Yes;Yellow;https://images.sumup.com/img_749BMEH09T8WNT2RWAWY3ZV5EV;;;;;;;Yes;Medix body wash Vita C;;;Yes;45;business;35b992ce-ea96-4064-b8ba-7dde3866475b;da9fdc92-7301-40a0-b066-f47704e54d4a;
Mesucube pdrn Glutathione serum;;;;;;;;;;Yes;22.00;;No;20.00;No;;No;;;each.each;Yes;3;0;;;;;MEDICUBE;Yes;Pink;https://images.sumup.com/img_6J3X6AQXTZ8VV81Y3BVZGHTYXX;;;;;;;Yes;Mesucube pdrn Glutathione serum;;;Yes;45;business;97d64d2b-67d9-4ce6-886f-d80a7c2fa456;b7988217-204a-49dd-b015-f6ceeab03db2;
Missha sun cream aqua;;;;;;;;;;Yes;23.99;;No;20.00;No;;No;;;each.each;Yes;2;0;;;;;MISSHA;Yes;Light blue;https://images.sumup.com/img_5K6RY1FYQ791HAHYVVBH8ZM33A;;;;;;;Yes;Missha sun cream aqua;;;Yes;45;business;4f01ac9c-0c93-45c8-8787-b7711ecd93c9;e5377eec-2bfd-4d05-a832-55f31c180cd7;
Mixsoon Collagen cleansing balm;;;;;;;;;;Yes;16.50;;No;20.00;No;;No;;;each.each;Yes;0;0;;;;;MIXSOON;Yes;;https://images.sumup.com/img_17T9CRD71D9YHTJY82Y75R2WC5;;;;;;;Yes;Mixsoon Collagen cleansing balm;;;Yes;45;business;3fdfaae5-d4b6-4887-aa91-8cbf9ee88173;a27325d8-97a9-450a-aa56-ad8fdee19831;
Mixsoon centella sun cream;;;;;;;;;;Yes;21.00;;No;20.00;No;;No;;;each.each;Yes;0;0;;;;;MIXSOON;Yes;Light green;https://images.sumup.com/img_5FMMADNG47993ATAKYMHBMG01E;;;;;;;Yes;Mixsoon centella sun cream;;;Yes;45;business;d31ff5f2-85d5-4c89-b4bd-59be022b406f;0c6bd8b5-6fec-4ebf-86b8-38972c47f14a;
Mixsoon mask collagen;;;;;;;;;;Yes;6.00;;No;20.00;No;;No;;;each.each;No;0;0;;;;;MIXSOON;Yes;Pink;https://images.sumup.com/img_4CM2XBD9HR82R91P5WEQ570B5A;;;;;;;Yes;Mixsoon mask collagen;;;Yes;45;business;04577c9c-229b-4627-ac6a-be33f8b3abae;5cf3b2ce-e98a-43b3-aaf9-72ac7fb9f544;
NATURE REPUBLIC - Vita Pair C PDRN Radiance Serum 30ml;;;;;;;;;;Yes;28.50;;No;20.00;No;;No;;;each.each;Yes;0;0;;;;;NATURE REPUBLIC ;Yes;Dark green;https://images.sumup.com/img_1MJJA4WXNR9M6838JEAF3XMDWT;;;;;;;No;;;;No;45;business;3B7C2A2A-ECD9-486B-A8D7-1CF11B35B0DB;928707A4-7BB4-4179-A6E2-F90AC3F55BEA;
NATURIUM - Nettoyant pour le corps à l'acide mandélique l'énergisant ;;;;;;;;;;Yes;26.00;;No;20.00;No;;No;;;each.each;Yes;1;0;;;;;NATURIUM;Yes;;https://images.sumup.com/img_1DE71KRVB29EF8ZP03ZPJDBRB2;;;;;;;Yes;NATURIUM - Nettoyant pour le corps à l'acide mandélique l'énergisant ;;;No;45;business;2a6fee03-b244-437c-b1d5-12d076800288;e2163f19-51a7-4cbf-beef-cababec75cef;
NATURIUM - Nettoyant pour le corps à l'acide salicylique le perfecteur ;;;;;;;;;;Yes;25.00;;No;20.00;No;;No;;;each.each;Yes;4;0;;;;;NATURIUM;Yes;;https://images.sumup.com/img_3YBK4AW4HT82781Y6NJ2GMQ8RX;;;;;;;Yes;NATURIUM - Nettoyant pour le corps à l'acide salicylique le perfecteur ;;;No;45;business;77733e93-0242-443b-a491-cc0416831ee5;5c2cc281-e1c4-4e1f-b020-962a8b74272e;
NUMBUZIN - Glutathione  Toner;;;;;;;;;;Yes;22.00;;No;20.00;No;;No;;;each.each;Yes;2;0;;;;;NUMBUZIN ;Yes;Yellow;https://images.sumup.com/img_75R7AD5FCB8PV895MJSKR878P7;;;;;;;Yes;NUMBUZIN - Glutathione  Toner;;;Yes;45;business;B6782E79-4503-435C-B343-E3DC2F39D326;D84E7CC4-6F66-4DF7-8F26-61E5FBC63DFB;
NUMBUZIN - Glutathione C  Cleanser ;;;;;;;;;;Yes;23.00;;No;20.00;No;;No;;;each.each;Yes;1;0;;;;;NUMBUZIN ;Yes;Yellow;https://images.sumup.com/img_24SA86SREX8P1BHZEFCCBE05YT;;;;;;;Yes;NUMBUZIN - Glutathione C  Cleanser ;;;Yes;45;business;853306D5-DA94-45CD-A3ED-4A470B18AB94;C1A1AE2F-CAE2-440D-BF7D-642E9BCF840C;
NUMBUZIN - No.3 Radiance Glowing Jumbo Essence Pad;;;;;;;;;;Yes;22.00;;No;20.00;;;No;;;each.each;Yes;5;0;;;;;NUMBUZIN ;Yes;;https://images.sumup.com/img_4QZAKA7MHJ91XRWXPT0RPYBSZK;;;;;;;No;;;;No;45;business;255D3260-6183-43E4-94E0-EBD171EC18EB;5D68232D-B920-4AA3-B2AE-D8291364BC3C;
NUMBUZIN - No.5 Vitamin Concentrated Toner Pads;;;;;;;;;;Yes;32.00;;No;20.00;No;;No;;;each.each;Yes;6;0;;;;;NUMBUZIN ;Yes;;https://images.sumup.com/img_6PRCADAPQT9YHBTZ59Z8MJ8TPD;;;;;;;No;;;;No;45;business;E6CABA5A-EA72-4AC1-A489-18D319D2B2F1;4202C12A-01B3-4020-82D1-E84B9957D996;
Nano needling;;;;;;;;;;Yes;90.00;;No;20.00;No;;No;;;each.each;Yes;0;0;;;;<p>Micro-perforations pour stimuler le collagène et améliorer la texture de la peau.</p><p>Durée: 1h15</p><p><br></p>;Soins de beauté;Yes;;;;;;;;;Yes;Nano needling;;;No;75;business;5b80d7ba-2fb0-467c-be75-fa9ac6543d49;4217230d-1ec5-4339-b87d-76352e38e6f5;
Nature republic conditioner  argan;;;;;;;;;;Yes;22.99;;No;20.00;No;;No;;;each.each;Yes;5;0;;;;;NATURE REPUBLIC ;Yes;;https://images.sumup.com/img_16KQRDQD639AXBQP3JK29G042Y;;;;;;;Yes;Nature republic conditioner  argan;;;Yes;45;business;4eab0619-27af-49be-b1b5-72b3a17f93a6;e58dfc32-d17b-4773-b68c-f0963ecf79e3;
Needly crème solaire;;;;;;;;;;Yes;18.00;;No;20.00;No;;No;;;each.each;Yes;1;0;;;;;Needly;Yes;Grey;https://images.sumup.com/img_40THBQTXTG8BZ84TYMR46A6W1V;;;;;;;Yes;Needly crème solaire;;;Yes;45;business;f1fed452-6891-4046-8728-a4d67eb33bbd;99139b55-4842-4e39-8619-18b2fed5b8f1;
Nineless  sun cream noni et cica hyaluronic acid;;;;;;;;;;Yes;15.00;;No;20.00;No;;No;;;each.each;Yes;2;0;;;;;Nineless;Yes;Pink;https://images.sumup.com/img_5RS29YHCK78CAT1VGQZVSF67PP;;;;;;;Yes;Nineless  sun cream noni et cica hyaluronic acid;;;Yes;45;business;35457e66-5f53-4aa5-ba74-16a7da548564;166525ab-6e42-433e-b196-fa634a1840d9;
Nineless acid kojic toner;;;;;;;;;;Yes;22.50;;No;20.00;No;;No;;;each.each;Yes;1;0;;;;;Nineless;Yes;Yellow;https://images.sumup.com/img_703B8N17D1902TDQE5M0163H7H;;;;;;;Yes;Nineless acid kojic toner;;;Yes;45;business;21d37b2f-3628-4208-b313-fb15b5cce323;d69f9463-b008-43d5-bde8-3e2b51f359ce;
Nineless toner rice et txa;;;;;;;;;;Yes;20.00;;No;20.00;No;;No;;;each.each;Yes;2;0;;;;;Nineless;Yes;Orange;https://images.sumup.com/img_0CT8XY8ECA9JQVJG27X2JQFW4X;;;;;;;Yes;Nineless toner rice et txa;;;Yes;45;business;9a96f2f6-bad6-42d0-9d36-5e78e6ec16b9;5ab45e13-0b52-4234-a2d7-4dd724e2d991;
Numbuzin  1 sun cream ;;;;;;;;;;Yes;23.00;;No;20.00;No;;No;;;each.each;Yes;4;0;;;;;NUMBUZIN ;Yes;Light blue;https://images.sumup.com/img_5FV4Z28VXB860TGT3JY1CYZVY5;;;;;;;Yes;Numbuzin  1 sun cream ;;;Yes;45;business;c6dc67cb-87ee-4bbb-b6f7-a0c45073955a;7c397671-5b2b-4ce8-bd54-1f4f8111d19e;
Numbuzin 1 serum soothing;;;;;;;;;;Yes;23.99;;No;20.00;No;;No;;;each.each;Yes;0;0;;;;;NUMBUZIN ;Yes;Light green;https://images.sumup.com/img_7XPS915A718GXA03Z7PDAH4E3G;;;;;;;Yes;Numbuzin 1 serum soothing;;;Yes;45;business;6bd4b677-227f-46bf-a0de-b56164e4a9c7;0a3890d9-91f9-447a-803d-76a1012e4a98;
Numbuzin 3+ ;;;;;;;;;;Yes;25.00;;No;20.00;No;;No;;;each.each;Yes;2;0;;;;;NUMBUZIN ;Yes;;https://images.sumup.com/img_2FD0CMF8Y79P483CQR5KF8VB5C;;;;;;;Yes;Numbuzin 3+ ;;;Yes;45;business;78ad29ac-d1f7-4947-a2fb-8786ee1fd146;a1efe459-c918-4659-9a2b-8bcc3e548855;
Numbuzin 9+;;;;;;;;;;Yes;16.00;;No;20.00;No;;No;;;each.each;Yes;4;0;;;;;NUMBUZIN ;Yes;Purple;https://images.sumup.com/img_3623QKSE3R9TTT2RB8EYAVYRG8;;;;;;;Yes;Numbuzin 9+;;;Yes;45;business;8804077d-05d3-4edf-bb87-28ac1c8154b2;7ffdc8bb-67ff-4a99-adfe-cb5e998a3ff2;
Numbuzin 9+ essence;;;;;;;;;;Yes;25.00;;No;20.00;No;;No;;;each.each;Yes;0;0;;;;;NUMBUZIN ;Yes;Purple;https://images.sumup.com/img_0ZK47784ZR8BH8Q4MVHT90N9FN;;;;;;;Yes;Numbuzin 9+ essence;;;Yes;45;business;4442c035-718e-4266-bf8a-31823f763ab4;41e7e982-a99a-4189-b271-fd42d86664c0;
Numbuzin patothenic;;;;;;;;;;Yes;22.75;;No;20.00;No;;No;;;each.each;Yes;3;0;;;;;NUMBUZIN ;Yes;Light blue;https://images.sumup.com/img_4H84D9FS6P9H69B4H3CKCVYEKP;;;;;;;Yes;Numbuzin patothenic;;;Yes;45;business;7183f4e1-c99b-4cf1-ae01-51c93a405850;d008c31d-3c8a-48d3-a92f-f50dcb52ac9c;
Numbuzin serum 5+;;;;;;;;;;Yes;25.00;;No;20.00;No;;No;;;each.each;Yes;3;0;;;;;NUMBUZIN ;Yes;;https://images.sumup.com/img_7A402T6C3H9Q48ZRBAS4SSRW3C;;;;;;;Yes;Numbuzin serum 5+;;;Yes;45;business;2fb41fac-fdf1-4ad6-b6f5-0e82c1bdb54a;a554b02a-bbcd-493c-8990-bc79667f3d8c;
Numbuzin9+ eye cream ;;;;;;;;;;Yes;22.50;;No;20.00;No;;No;;;each.each;Yes;4;0;;;;;NUMBUZIN ;Yes;;https://images.sumup.com/img_7NQ4SAT9Z68K1T6R10A8HESCJE;;;;;;;Yes;Numbuzin9+ eye cream ;;;Yes;45;business;537d920a-e621-41d7-b58e-515850832700;a7daa598-85c9-4f3e-877a-98e09a8da93d;
Nuture   serum niacinamide ;;;;;;;;;;Yes;20.36;;No;20.00;No;;No;;;each.each;Yes;4;0;;;;;Nuture;Yes;;https://images.sumup.com/img_1XY9HCVFGC94JSDDYCWKJ4MTPP;;;;;;;Yes;Nuture   serum niacinamide ;;;Yes;45;business;cb028698-9be8-4d56-9e38-31537a59ffde;44f9e2da-34e9-429b-b117-3c53e5774e96;
Olay Clarifying Daily Facial Cleanser;;;;;;;;;;Yes;20.36;;No;20.00;No;;No;;;each.each;Yes;3;0;;;;;Olay ;Yes;;https://images.sumup.com/img_32TKKGDW939B9RX9XTVMPB0S10;;;;;;;No;;;;No;45;business;64417601-df7d-4ff9-a8c3-30bcb349cb9b;4058fb67-eb5b-4627-8a64-36e03443b343;
Olay cleanser retinol;;;;;;;;;;Yes;20.36;;No;20.00;No;;No;;;each.each;Yes;1;0;;;;;Olay ;Yes;;https://images.sumup.com/img_7SQ48XMFZF8NY90E23TDJDEQJ2;;;;;;;Yes;Olay cleanser retinol;;;Yes;45;business;072a59e8-e0a1-4e10-ba55-12b061f3fbfa;0ad4cb8b-a4b6-43bf-b8ee-0034f0a1cf3b;
Omega Green;;;;;;;;;;Yes;110.00;;No;20.00;No;;No;;;each.each;Yes;0;0;;;;;Soins de beauté;Yes;Black;;;;;;;;Yes;Omega Green;;;No;45;business;46533af9-e066-4bd9-8dc9-bb262dd4417c;dcf3da39-3708-4221-adc3-388a7c91f612;
PURITO - Centella Cream Unscented ;;;;;;;;;;Yes;18.76;;No;20.00;No;;No;;;each.each;Yes;2;0;;;;;Purito;Yes;;https://images.sumup.com/img_7HQDDSY7PS8QCTE8F0S1JPDGRV;;;;;;;Yes;PURITO - Centella Cream Unscented ;;;Yes;45;business;9cd5f631-2d56-4b5f-b60e-29b44f3f281b;271c34cf-348d-4c1c-bfef-d83fbaf9f30a;
Patchs stop boutons;;;;;;;;;;Yes;12.00;;No;20.00;No;;No;;;each.each;Yes;0;0;;;;;ABIB;Yes;;;;;;;;;Yes;Patchs stop boutons;;;Yes;45;business;0aaec0e6-139e-4555-a3d1-8f4b65087bc9;e304b483-490e-4ce3-88f0-55c60ea0ec72;
Purito Azelaic acid kojic tea tree serum;;;;;;;;;;Yes;22.99;;No;20.00;No;;No;;;each.each;Yes;1;2;;;;;Purito;Yes;Light green;https://images.sumup.com/img_0VQHPXW3CK9P4VFFTK17TDC647;;;;;;;Yes;Purito Azelaic acid kojic tea tree serum;;;Yes;45;business;182e8709-fc62-4c55-8839-ba1d751cc9ca;339c856c-1b01-4829-88f8-55f954f893a8;
Purito Wonder centella crezm;;;;;;;;;;Yes;18.99;;No;20.00;No;;No;;;each.each;Yes;3;0;;;;;Purito;Yes;Dark green;https://images.sumup.com/img_6571FTHYQ08HYBHS1R7RQW8YXN;;;;;;;Yes;Purito Wonder centella crezm;;;Yes;45;business;34919b23-b98f-4a43-82bf-34da592cb31a;f004e329-5af2-46dd-9c26-f3d7e82364dd;
Purito hydro wave sea cream;;;;;;;;;;Yes;18.99;;No;20.00;No;;No;;;each.each;Yes;0;0;;;;;Purito;Yes;;https://images.sumup.com/img_1YK621S7KQ838VW15A41J2NMK7;;;;;;;Yes;Purito hydro wave sea cream;;;Yes;45;business;acbfcf1c-a3c7-45e2-bfb3-b6aed40c42bc;82440dec-c271-48fc-8c2b-021706fd7a3b;
Purito mighty bamboo panthenol cre1m;;;;;;;;;;Yes;22.99;;No;20.00;No;;No;;;each.each;Yes;2;0;;;;;Purito;Yes;;https://images.sumup.com/img_1X333P6DVK8YMBZ2SYXH3BC9NN;;;;;;;Yes;Purito mighty bamboo panthenol cre1m;;;Yes;45;business;a0683723-1c76-4f14-9fa0-e603d38ca321;9dbc359b-5853-416d-90d1-5f598d85fcdb;
Purito oat in calming gel cream;;;;;;;;;;Yes;20.75;;No;20.00;No;;No;;;each.each;Yes;3;2;;;;;Purito;Yes;Light green;https://images.sumup.com/img_1WBXNF5A2399Q8TCZ3XXQDPN74;;;;;;;Yes;Purito oat in calming gel cream;;;Yes;45;business;be178f84-44e2-4512-9924-edfe88d7fe67;6987f6c6-a329-4502-a7b2-37191764d8a3;
Purito oat in gentle cleanser;;;;;;;;;;Yes;20.99;;No;20.00;No;;No;;;each.each;Yes;4;1;;;;;Purito;Yes;Light green;https://images.sumup.com/img_59RMRQWX5286GVB5CACCH9ANC7;;;;;;;Yes;Purito oat in gentle cleanser;;;Yes;45;business;80c56ada-7c37-40a1-9204-e568e8b39328;8a7bdbdd-c550-499b-a4d4-c7490604adec;
Purito oat pdrn toner;;;;;;;;;;Yes;23.90;;No;20.00;No;;No;;;each.each;Yes;0;0;;;;;Purito;Yes;Yellow;https://images.sumup.com/img_5VA8PFCYVB9KZA22184QBSAS5H;;;;;;;Yes;Purito oat pdrn toner;;;Yes;45;business;3ee22b33-9fa5-49c4-9a47-811efc9a1aca;4662d30d-fece-473f-8a29-a33b8259101b;
Purito panthenol cleanser;;;;;;;;;;Yes;19.50;;No;20.00;No;;No;;;each.each;Yes;0;0;;;;;Purito;Yes;Light green;https://images.sumup.com/img_3PPFMVRPTH8PN9743ENM7541YZ;;;;;;;Yes;Purito panthenol cleanser;;;Yes;45;business;7f840424-814e-46b4-acaa-0b45cb34077b;7fd79f9f-a1dc-4bbc-89ed-6aed0113ff88;
Purito suncreen;;;;;;;;;;Yes;27.00;;No;20.00;No;;No;;;each.each;Yes;3;0;;;;;Purito;Yes;;https://images.sumup.com/img_5ZZJ4AH7SK9GFSN27XKJRZ9ZYP;;;;;;;Yes;Purito suncreen;;;Yes;45;business;e1087782-8d34-450e-9aac-f3cbee2cc200;fd4e8ca4-cd18-4d08-be0f-19b12c8499df;
Pyunkan foam;;;;;;;;;;Yes;16.99;;No;20.00;No;;No;;;each.each;No;0;0;;;;;A'pieu||Pyunkang;Yes;;;;;;;;;Yes;Pyunkan foam;;;Yes;45;business;3db9feed-6594-4276-810f-85a9102cd0e7;20d4fa38-fe26-4978-8ef6-c4d1fd947f97;
Pyunkang Yul Kids & Baby Sun Cream;;;;;;;;;;Yes;17.50;;No;20.00;No;;No;;;each.each;Yes;4;2;;;;;Pyunkang;Yes;Light blue;https://images.sumup.com/img_1KXEFCZQVB9PWVSZ0653C84P2W;;;;;;;Yes;Pyunkang Yul Kids & Baby Sun Cream;;;Yes;45;business;02bae4dd-db68-4727-b1f0-49faaa090a71;08223453-fd54-4d95-8159-ea61fbb8890b;
Pyunkang Yul sun cream;;;;;;;;;;Yes;16.25;;No;20.00;No;;No;;;each.each;Yes;4;2;;;;;Pyunkang;Yes;Dark green;https://images.sumup.com/img_1KSX2VVC8N9PE88KG6RG5V7RZF;;;;;;;Yes;Pyunkang Yul sun cream;;;Yes;45;business;c6ac2ff5-4401-448f-b58c-f5191c01b688;4cf20eda-857f-4a0c-894c-9db57cd746a0;
REALBARRIER FOAM;;;;;;;;;;Yes;20.00;;No;20.00;No;;No;;;each.each;Yes;1;0;;;;;Realbarrier;Yes;Dark blue;https://images.sumup.com/img_6B7Z32H35V832V4K0X5GK9ETSA;;;;;;;Yes;REALBARRIER FOAM;;;Yes;45;business;5d26b03d-95db-453e-98c4-8b7a888dc520;3310e22f-daad-4ef0-9d78-14e49f119f8e;
ROUND LAB - 1025 Dokdo - Toner ;;;;;;;;;;Yes;18.50;;No;20.00;No;18.50;No;;;each.each;Yes;1;2;;12346789481;;<p>Exfoliant et hydratant</p>;ROUND LAB;Yes;;https://images.sumup.com/img_4ED7BRBMMB9CAVBSY9G1NDDKEV;;;;;;;Yes;;;;No;45;business;c59a1b96-e7e3-4a00-851e-3a9deb3dbf68;6682c70e-7a85-4eea-9574-41108f39cd88;
ROUND LAB - 1025 Dokdo Crème Contour des Yeux ;;;;;;;;;;Yes;25.99;;No;20.00;No;;No;;;each.each;Yes;0;0;;;;;ROUND LAB;Yes;Light blue;https://images.sumup.com/img_2M2263EFNW8HRAKWN3KR4S37BX;;;;;;;Yes;Rou d Lab eye cream;;;Yes;45;business;894da1cd-d603-40da-80d6-ddfd80151e27;766447e6-f417-411d-a0ac-a505b0a54c90;
ROUND LAB - 1025 Dokdo Huile démaquillante - 200ml;;;;;;;;;;Yes;25.99;;No;20.00;No;23.90;No;;;each.each;Yes;6;2;;12346789540;;;ROUND LAB;Yes;Dark blue;https://images.sumup.com/img_1ANPCRANG18FST1T8AYSRT0DG5;;;;;;;Yes;;;;No;45;business;217aac84-9432-4da9-a7e0-967dc2175722;7e9bf0c4-4c3a-41b7-bc40-0db4040d698b;
ROUND LAB - 1025 Mousse Nettoyante Dokdo - 150ml;;;;;;;;;;Yes;17.90;;No;20.00;No;15.90;No;;;each.each;Yes;3;2;;12346789541;;;ROUND LAB;Yes;Dark blue;https://images.sumup.com/img_14026MJW799K6AQNEC8FHHMB7E;;;;;;;Yes;;;;No;45;business;d6b1c4bf-4d6e-4dcc-89e2-401e70aaf4f0;31185ae0-591a-4068-9f27-cef8cf24fdb2;
ROUND LAB - Birch crème solaire 50ml;;;;;;;;;;Yes;22.99;;No;20.00;No;23.00;No;;;each.each;Yes;0;2;;12346789546;;;ROUND LAB;Yes;Dark blue;https://images.sumup.com/img_5Z270JRF8B906VE7C494TX8MYM;;;;;;;Yes;ROUND LAB - Birch crème solaire 50ml;;;No;45;business;e28d86ae-ed72-4116-a4bb-a0c23968caf6;f5bf9a02-780d-4e35-9f52-adcceab555d1;
ROUND LAB - Cleanser;;;;;;;;;;Yes;23.50;;No;20.00;No;;No;;;each.each;Yes;0;0;;;;;ROUND LAB;Yes;;https://images.sumup.com/img_4DAFQDDR5P92YS1HQ1HPRWBKV8;https://images.sumup.com/img_3VMAZ3Y4K0888A5HPYPFMF09EB;;;;;;Yes;Round Lab cleanser;;;Yes;45;business;dc03e36a-f510-44ac-a21a-47b4cec6da3d;c187c8a9-83b8-4278-98ec-5c4437ccf655;
ROUND LAB - Masque Nettoyant au collagène ;;;;;;;;;;Yes;23.99;;No;20.00;;;No;;;each.each;Yes;0;0;;;;;ROUND LAB;Yes;Pink;https://images.sumup.com/img_1NRN5BZ83N89T8S47AS4HMQTE8;;;;;;;Yes;;;;Yes;45;business;18D719D9-45F4-452F-8C9B-E34808F0327C;48596D3C-B5A1-4F29-9359-0870EA1B87A8;
ROUNDLAB - Birch Juice Moisturizing Mask (masque tissus);;;;;;;;;;Yes;4.00;;No;20.00;No;;No;;;each.each;Yes;20;3;;;;;ROUND LAB;Yes;Dark blue;https://images.sumup.com/img_21QTV6EA8Q9H08QTJEZMX57JMJ;;;;;;;Yes;ROUNDLAB - Birch Juice Moisturizing Mask (masque tissus);;;No;45;business;5f5be1c0-fad7-4a44-a0c8-e2395de22e24;d6878b9a-53ff-4387-a239-88a59d21269f;
Real barrier aqua soothing ampoule mask;;;;;;;;;;Yes;4.50;;No;20.00;No;;No;;;each.each;Yes;5;1;;;;;Realbarrier;Yes;Light blue;https://images.sumup.com/img_392JE0MS2Z9SY949XX4DZG8YK2;;;;;;;Yes;Real barrier aqua soothing ampoule mask;;;Yes;45;business;2a43f3bf-a78e-4161-9a79-bd5fca329e46;60990eed-2233-474e-aa5b-0fd9d58ac4e0;
Real barrier aqua soothing cream;;;;;;;;;;Yes;26.25;;No;20.00;No;;No;;;each.each;Yes;4;1;;;;;Realbarrier;Yes;Dark blue;https://images.sumup.com/img_7BEMTZX3GK8ZYT5PNE63PK9KXE;;;;;;;Yes;Real barrier aqua soothing cream;;;Yes;45;business;0fe15b1c-eef9-4e90-8f11-bde09bc67722;759e37c3-acd8-4ca4-a91a-4f22ab17bf31;
Real barrier extrem cream;;;;;;;;;;Yes;23.99;;No;20.00;No;;No;;;each.each;Yes;3;2;;;;;Realbarrier;Yes;Dark blue;https://images.sumup.com/img_0WRCNC9SK38S59H7GHYXW3G0H1;;;;;;;Yes;Real barrier extrem cream;;;Yes;45;business;d5e08dc8-2946-47e9-a793-79325096fac6;e4a26cea-af36-48dd-860a-171a908b9099;
Realbarrier ceramide moisture cleansing foam;;;;;;;;;;Yes;20.99;;No;20.00;No;;No;;;each.each;Yes;5;2;;;;;Realbarrier;Yes;Dark blue;;;;;;;;Yes;Realbarrier ceramide moisture cleansing foam;;;Yes;45;business;2eac7630-d81f-4deb-993c-24c89196b08a;475fe879-a8ac-4268-b111-558607aeaa17;
Realbarrier extreme cream ampoule;;;;;;;;;;Yes;25.00;;No;20.00;No;;No;;;each.each;Yes;4;2;;;;;Realbarrier;Yes;Dark blue;https://images.sumup.com/img_34K4Q8ZJH89QE93N5SVDY2GMSQ;;;;;;;Yes;Realbarrier extreme cream ampoule;;;Yes;45;business;08bfd34d-d999-4c3b-9df3-fe42d79192df;989f2f13-3054-4be4-b189-975c9e3b5a48;
Realbarrier extreme essence mist;;;;;;;;;;Yes;20.50;;No;20.00;No;;No;;;each.each;Yes;2;1;;;;;Realbarrier;Yes;Dark blue;https://images.sumup.com/img_12X4JZ86T09SY8N3EQ6K60EC9T;;;;;;;Yes;Realbarrier extreme essence mist;;;Yes;45;business;e2bf3920-b505-41a0-b284-4f191699c320;b1a9ba0e-4296-4ca5-b43c-d8fbe6982acd;
Realbarrier extreme panthenol toner pad;;;;;;;;;;Yes;30.50;;No;20.00;No;;No;;;each.each;Yes;4;2;;;;;Realbarrier;Yes;Dark blue;https://images.sumup.com/img_2J5VJ272FR82ZA4KS70NHVQP2N;;;;;;;Yes;Realbarrier extreme panthenol toner pad;;;Yes;45;business;c1cf7c52-5a23-4316-a056-fefd92b1a38c;47419d9f-5b2a-4a55-b9eb-488e66b5b0a1;
Realbarrier intense moisture panthenol sleeping pack;;;;;;;;;;Yes;23.75;;No;20.00;No;;No;;;each.each;Yes;2;0;;;;;Realbarrier;Yes;Dark blue;;;;;;;;Yes;Realbarrier intense moisture panthenol sleeping pack;;;Yes;45;business;c320e159-ff04-434c-8b83-88d606fa64a1;c18d2ce9-4fff-4f34-aed9-62da77747937;
Realbarrier oil;;;;;;;;;;Yes;22.99;;No;20.00;No;;No;;;each.each;Yes;3;0;;;;;Realbarrier;Yes;Dark blue;https://images.sumup.com/img_1SJMBCX7HW8MF8YG4HS13QZP1F;;;;;;;Yes;Realbarrier oil;;;Yes;45;business;7433e0d9-089c-4726-9d54-6fd6d705731d;526d2a98-0bce-4575-a445-88af83dfc652;
Realbarrier sun cream ;;;;;;;;;;Yes;24.90;;No;20.00;No;;No;;;each.each;Yes;2;0;;;;;Realbarrier;Yes;Dark blue;https://images.sumup.com/img_5TCHMRHT119RESBNE2KRWX4D3V;;;;;;;Yes;Realbarrier sun cream ;;;Yes;45;business;609a5365-43d5-4b91-9127-4ef18fa8127d;1380addd-f737-4692-839f-c47847715576;
Round lab 1025 Dokdo Sunscreen;;;;;;;;;;Yes;28.75;;No;20.00;No;;No;;;each.each;Yes;3;2;;;;;ROUND LAB;Yes;Light blue;https://images.sumup.com/img_2XBX7V0M8K89NB1PARZKTRRXTX;;;;;;;Yes;Round lab 1025 Dokdo Sunscreen;;;Yes;45;business;b8e6cce9-b09f-4c22-9e6f-d6e5d92527a0;a4bc0051-af88-4368-815a-eba4a19b2998;
Round lab cleanser moisturizing;;;;;;;;;;Yes;23.00;;No;20.00;No;;No;;;each.each;Yes;3;0;;;;;ROUND LAB;Yes;Dark blue;https://images.sumup.com/img_620R8MP6C59E7REN1J3EF4CCY0;;;;;;;Yes;Round lab cleanser moisturizing;;;Yes;45;business;bf08239e-8418-4493-8f27-d9324f077323;1c93035b-6096-47ba-80ac-b64c25a1f9fa;
Round lab pine cica cleanser;;;;;;;;;;Yes;20.00;;No;20.00;No;;No;;;each.each;Yes;1;0;;;;;ROUND LAB;Yes;;https://images.sumup.com/img_6V1CHXG4GM85C95X83QFE4R3M6;;;;;;;Yes;Round lab pine cica cleanser;;;Yes;45;business;78b180d3-4b98-49f5-8866-498c661e2667;3570ba3c-1b7e-4f6d-b927-28441b31bd1b;
Round lab serum hydratant ;;;;;;;;;;Yes;22.99;;No;20.00;No;;No;;;each.each;Yes;2;0;;;;;ROUND LAB;Yes;Dark blue;https://images.sumup.com/img_7N3499GJCQ924B2CP4QNKCBTTY;;;;;;;Yes;Round lab serum hydratant ;;;Yes;45;business;c4c2ebba-dbef-4c0f-86f6-1d7915e935e0;69750cf3-6f18-4003-97bc-ed6ff435374c;
Round lab sleeping ;;;;;;;;;;Yes;22.99;;No;20.00;No;;No;;;each.each;Yes;3;0;;;;;ROUND LAB;Yes;Dark blue;https://images.sumup.com/img_0RY81C4F6A88KB1FFCAZQZHMFK;;;;;;;Yes;Round lab sleeping ;;;Yes;45;business;91be2740-a06c-41f2-8f71-29020629d605;77ae3d0f-dc22-4dfd-b41f-367264fcad3d;
Round lab sun cream birch Juice ;;;;;;;;;;Yes;24.00;;No;20.00;No;;No;;;each.each;Yes;-1;0;;;;;ROUND LAB;Yes;Dark blue;https://images.sumup.com/img_4CMQ1S061N9KPRGYN25E8VTB56;;;;;;;Yes;Round lab sun cream birch Juice ;;;Yes;45;business;83dc3d7c-eecc-49eb-af2d-519495c41dbe;06a0d56b-efaf-47cb-8413-8ae5a82611c6;
Round lab toner ;;;;;;;;;;Yes;25.00;;No;20.00;No;;No;;;each.each;Yes;1;0;;;;;ROUND LAB;Yes;Dark blue;https://images.sumup.com/img_1TX5HNWESY9T7A6NRJBET5H537;;;;;;;Yes;Round lab toner ;;;Yes;45;business;1547a83e-7a1a-4559-809f-0e3e82d0713a;0a998116-8bad-491c-8702-8b62eafcd6f0;
S. NATURE - Kit Moisturizing Cream X2;;;;;;;;;;Yes;27.90;;No;20.00;;;No;;;each.each;Yes;2;0;;;;;S. Nature;Yes;Light blue;https://images.sumup.com/img_0XRAFSMRNC8PRB3AQAHT5F9JHG;;;;;;;Yes;;;;Yes;45;business;52D59F8C-ACD2-4999-84F2-1BF092D2E2D0;187F856F-7F61-47D3-B52D-2FC4B597840F;
S.nature aqua Oasis gel ;;;;;;;;;;Yes;24.95;;No;20.00;No;;No;;;each.each;Yes;0;0;;;;;S. Nature;Yes;Light blue;https://images.sumup.com/img_53FWZKX6R7870TR2NVGDTSBBJJ;;;;;;;Yes;S.nature aqua Oasis gel ;;;Yes;45;business;458e33a5-6ee8-475d-a0a8-e5ebb18c24cd;9f1be316-090e-433f-8f03-6a501535258d;
S.nature foam rice ;;;;;;;;;;Yes;22.99;;No;20.00;No;;No;;;each.each;Yes;2;0;;;;;S. Nature;Yes;;https://images.sumup.com/img_3GD244S20F887BZ7ZSV773V2AF;;;;;;;Yes;S.nature foam rice ;;;Yes;45;business;c21ff1ac-486a-4847-b57d-2e51f8bfb5bb;ef3a4ed7-383c-4e38-8f13-4e7b2cfa02f6;
S.nature rice oil;;;;;;;;;;Yes;22.99;;No;20.00;No;;No;;;each.each;Yes;1;0;;;;;S. Nature;Yes;Pink;https://images.sumup.com/img_44HBCD6R3N894RQD1GD1Y0RSCV;;;;;;;Yes;S.nature rice oil;;;Yes;45;business;9acf1005-3860-46a1-bc34-e3f2bf73f362;676cfa81-580e-478f-bdf1-7f78ac579d98;
SEOUL 1988 - Cream : Retinal Liposome 1% + Fermented Rice;;;;;;;;;;Yes;22.00;;No;20.00;No;;No;;;each.each;Yes;3;0;;;;;SEOUL 1988;Yes;Dark red;https://images.sumup.com/img_3P1ZJAD1CH8N1VAKFJYEDVH88W;https://images.sumup.com/img_0CYZ2B90PZ9JABH8AX0KSMGC77;;;;;;No;;;;No;45;business;E3C107FD-39BF-4B65-BAAA-16B2D4C95F37;617B16D3-C83C-495C-AE00-C36EF64AEED4;
SEOUL 1988 - Essence : Snail Mucin 97% + Rice;;;;;;;;;;Yes;22.00;;No;20.00;;;No;;;each.each;Yes;2;1;;;;;SEOUL 1988;Yes;;https://images.sumup.com/img_7JNEQBZJ8B9ZDA99H2ETX2T92N;;;;;;;Yes;;;;Yes;45;business;806996F1-E38E-42FC-8145-7169896AB38B;989C6BB2-E7CF-42F3-B9F5-DF8EB85325DF;
SEOUL 1988 - Serum Retinal Liposome 2%;;;;;;;;;;Yes;22.00;;No;20.00;No;;No;;;each.each;Yes;6;0;;;;;SEOUL 1988;Yes;;https://images.sumup.com/img_3VE8H5XHXQ84396WGN69QM9740;;;;;;;Yes;SEOUL 1988 - Serum Retinal Liposome 2%;;;Yes;45;business;32be0ecb-8755-46ca-a5a1-10c3614ddc38;e06ed406-8040-410e-9b2c-af82093a4794;
SKIN 1004  Tone Brightening Capsule Ampoule;;;;;;;;;;Yes;19.70;;No;20.00;No;;No;;;each.each;Yes;0;0;;;;;SKIN 1004;Yes;;https://images.sumup.com/img_5MAW2VKQHG9ZQASX48R493WDWF;;;;;;;Yes;Skin 1004 tone brightening;;;Yes;45;business;eb3b75d1-1adf-4f47-82ff-842145158b34;14ffe687-d134-4291-a7fc-409580a58b3b;
SKIN 1004 - Air-Fit Suncream Light SPF 30;;;;;;;;;;Yes;24.50;;No;20.00;No;19.50;No;;;each.each;Yes;1;2;;12346789497;;;SKIN 1004;Yes;Light blue;https://images.sumup.com/img_3AHP2NDTT59X5VT17F460J0RGE;;;;;;;Yes;;;;No;45;business;2f1a46f9-3fa9-4b3c-953f-d618ec3fa5dc;5c75b315-a535-4744-b42e-cdc5ce1f01b0;
SKIN 1004 - Cleansing Oil;;;;;;;;;;Yes;19.99;;No;20.00;No;;No;;;each.each;Yes;0;0;;;;;SKIN 1004;Yes;;https://images.sumup.com/img_4YN4SA1WJN81CRK6Q4G0PQQ9E5;;;;;;;Yes;;;;Yes;45;business;368E91BE-E457-4241-8BB1-9C16855D0902;2EBF0380-7B03-44ED-AB42-611E35B53522;
SKIN 1004 - Mada Centella Tone Brightening Cream;;;;;;;;;;Yes;22.00;;No;20.00;No;22.00;No;;;each.each;Yes;0;2;;12346789479;;;SKIN 1004;Yes;Light blue;https://images.sumup.com/img_7MRJ30AQ5P865SAX956Z4K1166;;;;;;;Yes;;;;No;45;business;69e31a9b-edf8-4a28-8c91-e96bf62102ed;ed056ca8-5d7a-4216-9969-d256e14d51d0;
SKIN 1004 - Madagascar Ampoule Centella ;;;;;;;;;;Yes;19.00;;No;20.00;No;19.00;No;;;each.each;Yes;0;2;;12346789483;;<p>Soulage et réhydrate la peau.</p>;SKIN 1004;Yes;;https://images.sumup.com/img_0QCXASBFPY8ANS6QJ375KVF6DA;;;;;;;Yes;;;;No;45;business;15792881-f330-4a83-b335-7c606c630ae4;931908d4-f6ec-40dd-93d6-e12b19fb1674;
SKIN 1004 - Madagascar Centella Ampoule Foam ;;;;;;;;;;Yes;20.00;;No;20.00;No;;No;;;each.each;Yes;2;2;;;;;SKIN 1004;Yes;Light blue;https://images.sumup.com/img_0KJJX3NVJJ9WFT3MQV87ZNX1D3;;;;;;;Yes;SKIN 1004 - Madagascar Centella Ampoule Foam ;;;No;45;business;f635cb9c-1a33-411b-9924-531979275a74;25f181b4-07c2-4245-8bf9-4826f4d13e1f;
SKIN 1004 - Madagascar Centella Cream ;;;;;;;;;;Yes;18.99;;No;20.00;No;;No;;;each.each;Yes;2;2;;;;;SKIN 1004;Yes;Light blue;https://images.sumup.com/img_5VV7W16Y0W9P28FJJHGJ8R8D98;;;;;;;No;SKIN 1004 - Madagascar Centella Cream ;;;No;45;business;4ECCDF70-9C31-406F-B7F6-0CF2455921ED;B3FC8E7A-6EE7-41CE-A73C-A17BF1CA3BCA;
SKIN 1004 - Madagascar Centella Hyalu-Cica Blue Serum - 100ml;;;;;;;;;;Yes;18.00;;No;20.00;No;18.00;No;;;each.each;Yes;1;2;;12346789507;;;SKIN 1004;Yes;Light blue;https://images.sumup.com/img_28VCSW26RT9S5T8H93PN6ZZWNZ;;;;;;;Yes;;;;No;45;business;f1fad22a-770e-4d09-bac8-c575d73b5070;752f05f4-efba-4b3c-b4cf-18574123c054;
SKIN 1004 - Madagascar Centella Hyalu-Cica Brightening Toner ;;;;;;;;;;Yes;20.00;;No;20.00;No;20.00;No;;;each.each;Yes;3;2;;12346789480;;;SKIN 1004;Yes;;https://images.sumup.com/img_6XV7AZJSK88VTT4T2E5ZJ0NMQT;;;;;;;Yes;SKIN 1004 - Madagascar Centella Hyalu-Cica Brightening Toner ;;;No;45;business;1e9e4e9a-741c-4269-a954-5ef2164da358;555a34a1-bf75-4d39-a1b7-7efb111e91ac;
SKIN 1004 - Madagascar Centella Hyalu-Cica Sleeping Pack  - 100ml;;;;;;;;;;Yes;22.00;;No;20.00;No;22.00;No;;;each.each;Yes;1;2;;12346789508;;;SKIN 1004;Yes;Purple;https://images.sumup.com/img_3SFN2SQPZ694ETNP33GKDZ6HS6;;;;;;;Yes;;;;No;45;business;a21dcd26-b693-4ff9-ac75-48c2ab0f4eb1;5b64bc71-740d-4113-a04b-4a8e4f45fe65;
SKIN 1004 - Madagascar Centella Hyalu-Cica Water-Fit Sun Serum;;;;;;;;;;Yes;23.00;;No;20.00;No;;No;;;each.each;Yes;-2;0;;;;;SKIN 1004;Yes;Light blue;https://images.sumup.com/img_00JFR4A2FB9NGT8AC69HQ66V40;;;;;;;Yes;;;;Yes;45;business;FE9F86C3-0101-4EBD-B811-0CFCBB5056FF;9BCB1916-BA04-4CD9-A216-82E9274A2A2E;
SKIN 1004 - Madagascar Centella Poremizing Clarifying Mask (masque tissus);;;;;;;;;;Yes;4.00;;No;20.00;No;2.50;No;;;each.each;Yes;0;2;;12346789496;;;SKIN 1004;Yes;Light blue;https://images.sumup.com/img_3RG3D5PZQQ9FSRT6YFMX4C69PB;;;;;;;Yes;;;;No;45;business;66fa2d21-d90a-4546-a31d-be4e60f6ab48;18dbf15a-6293-406c-a9ff-b6791686b7b2;
SKIN 1004 - Madagascar Centella Poremizing Fresh Ampoule ;;;;;;;;;;Yes;25.60;;No;20.00;No;;No;;;each.each;Yes;5;0;;;;;SKIN 1004;Yes;Pink;https://images.sumup.com/img_6EE8FHPCE182QV9PCRPHESHT3J;;;;;;;Yes;Serum skin 1004 poremizing;;;Yes;45;business;5d73a81d-8b50-49a5-8c4e-2648fb858e56;6a19a285-8b1b-400b-bdcc-1033f47a86fb;
SKIN 1004 - Madagascar Centella Probio-Cica Essence Toner;;;;;;;;;;Yes;25.00;;No;20.00;;;No;;;each.each;Yes;0;1;;;;;SKIN 1004;Yes;;https://images.sumup.com/img_77VY92BGA18BA9Q2NAEGVR4A4G;;;;;;;Yes;;;;Yes;45;business;768E9B27-A2A6-408E-831B-FB64B571DC3D;4A716896-00F5-4B69-B6E3-60955D973681;
SKIN 1004 - Madagascar Centella Tea-Trica Relaxing Mask (masque tissus) ;;;;;;;;;;Yes;4.00;;No;20.00;No;3.00;No;;;each.each;Yes;1;2;;;;<p>masque relaxant</p>;SKIN 1004;Yes;Light blue;https://images.sumup.com/img_12XN02EHGZ9RE920XGGCXDG3KX;;;;;;;Yes;SKIN 1004 - Madagascar Centella Tea-Trica Relaxing Mask (masque tissus) ;;;No;45;business;518cb60b-b965-4e6d-b373-b76131166ac1;106e8a65-adea-4117-9fbe-1a718c335e16;
SKIN 1004 - Madagascar Centella Toning Toner ;;;;;;;;;;Yes;23.99;;No;20.00;No;23.99;No;;;each.each;Yes;3;2;;12346789482;;;SKIN 1004;Yes;Light blue;https://images.sumup.com/img_4M48YNE2MC90R9PVBN65M1BPN1;;;;;;;Yes;;;;No;45;business;68182242-8ada-4f3a-8b57-2063ca5abc83;8e014e38-b290-458b-86b7-5c4d7e5bd032;
SKIN 1004 - Madagascar Centella Watergel Sheet Ampoule Mask (masque tissus);;;;;;;;;;Yes;3.00;;No;20.00;No;3.00;No;;;each.each;Yes;6;2;;12346789524;;<p>masque hydrogel intense pour un effet naturel</p>;SKIN 1004;Yes;Light blue;https://images.sumup.com/img_15KKYF63PG9JNTS8FAK4V5PNW0;;;;;;;Yes;SKIN 1004 - Madagascar Centella Watergel Sheet Ampoule Mask (masque tissus);;;No;45;business;6b728c22-7359-4713-9cc2-5026bbc186f8;5bd75cfc-79ae-4900-98d0-fc3c50bc49c7;
SKIN 1004 - Poremizing Deep Cleansing Foam;;;;;;;;;;Yes;19.99;;No;20.00;No;;No;;;each.each;Yes;3;0;;;;;SKIN 1004;Yes;;https://images.sumup.com/img_7STKZN7WHQ900BK5FN9ZPY9P1V;;;;;;;Yes;;;;Yes;45;business;4D45E9DA-C6C7-4B3D-98AE-26894DFB2996;C4AB7634-E176-4D16-B212-9F0A96884F07;
SOME BY MI -  Truecica Aqua Calming Sunscreen SPF 50+;;;;;;;;;;Yes;23.00;;No;20.00;No;20.00;No;;;each.each;Yes;1;2;;12346789519;;;SOME BY MI;Yes;Dark green;https://images.sumup.com/img_6H06VY1T1G8EXTT7XZZCYTM1XV;;;;;;;Yes;SOME BY MI -  Truecica Aqua Calming Sunscreen SPF 50+;;;No;45;business;e6eac39b-53bf-4b63-9453-58667a1c00f3;5382acea-37b5-4105-8ab8-61cd1b72465d;
SOME BY MI - AHA BHA PHA 30 Days Miracle Sérum ;;;;;;;;;;Yes;23.99;;No;20.00;No;23.99;No;;;each.each;Yes;0;2;;12346789486;;;SOME BY MI;Yes;Dark green;https://images.sumup.com/img_25F197YMDW9C49R12H9CSGVH4P;;;;;;;Yes;SOME BY MI - AHA BHA PHA 30 Days Miracle Sérum ;;;No;45;business;ca1a2e8d-f4b3-4f30-9f8c-5f89acda6c3c;ad7c44c3-c275-4c0e-8ba9-10fbd3c34580;
SOME BY MI - AHA-BHA-PHA 30 Days Miracle Mousse claire contre l'acné - 100ml;;;;;;;;;;Yes;18.00;;No;20.00;No;16.00;No;;;each.each;Yes;8;2;;12346789548;;;SOME BY MI;Yes;Dark green;https://images.sumup.com/img_3M7ZXCACXH965A4B3X0YH962F1;;;;;;;Yes;;;;No;45;business;badf4cc8-86ee-4c5a-bf5a-2943fd39fd1d;ea3c83b8-d7bc-4614-a323-f3d88b71f716;
SOME BY MI - AHA-BHA-PHA 30 Days Miracle Toner - 150ml;;;;;;;;;;Yes;24.50;;No;20.00;No;24.50;No;;;each.each;Yes;0;2;;12346789501;;;SOME BY MI;Yes;Dark green;https://images.sumup.com/img_2FNVMM1A3X9VTTRD7PDT78RQ7S;;;;;;;Yes;;;;No;45;business;615cd1f2-e77e-475a-bbc9-3864667c37a8;3c5774ce-bb55-49a9-a21c-5f7d99f3bfdb;
SOME BY MI - Protecteur solaire pour les lèvres V10 Hyal SPF15 - 7 ml;;;;;;;;;;Yes;10.50;;No;20.00;;;No;;;each.each;Yes;3;0;;;;;SOME BY MI;Yes;;https://images.sumup.com/img_4VBWWH75XK8M4VWKZ17V96C59A;;;;;;;Yes;;;;Yes;45;business;CB2F2A26-110D-4F35-9A59-2E09852ECF39;88FE42C4-88D8-4B61-AC5F-B42F290835EF;
SOME BY MI - Rétinol Intense Advanced Crème Contour des Yeux Triple Action;;;;;;;;;;Yes;20.99;;No;20.00;No;21.00;No;;;each.each;Yes;4;2;;12346789489;;;SOME BY MI;Yes;Dark green;https://images.sumup.com/img_5ZSN7DSTW19E38771AP0AYZSGA;;;;;;;Yes;SOME BY MI - Rétinol Intense Advanced Crème Contour des Yeux Triple Action;;;No;45;business;1acf3f27-c6aa-44ca-8969-e039bc97186f;60e84788-25bb-49b0-aea6-1826791c8463;
SOME BY MI - Rétinol Intense Reactivating Sérum;;;;;;;;;;Yes;24.00;;No;20.00;No;24.00;No;;;each.each;Yes;1;2;;12346789510;;;SOME BY MI;Yes;Dark green;https://images.sumup.com/img_05VHEQNKCY9NYR2PQ61WSDVSM7;;;;;;;Yes;SOME BY MI - Rétinol Intense Reactivating Sérum;;;No;45;business;a9120b25-78b5-4c4b-9dcd-bdf1a5ba3869;c34de6a3-7897-465e-8d2c-dc3d2dc9f70c;
SOME BY MI - Spot Patches;;;;;;;;;;Yes;5.99;;No;20.00;;;No;;;each.each;Yes;1;0;;;;;SOME BY MI;Yes;Dark green;https://images.sumup.com/img_196FVCQPMW85MV6PK5017S8F7F;;;;;;;No;;;;No;45;business;F15E77CA-F40D-4338-9946-CA90920284F0;9B7051AD-4357-475E-AD9E-91286F37F92A;
SOME BY MI - Toner pads;;;;;;;;;;Yes;32.00;;No;20.00;No;;No;;;each.each;Yes;2;0;;;;;SOME BY MI;Yes;Dark green;https://images.sumup.com/img_7MPRC9H3P987NVKVNV0Y809T9E;;;;;;;Yes;;;;No;45;business;F3D9E0CA-5A2F-423F-8E48-DF3FC1D99FB2;344C0EAA-63AE-4D1A-9232-56AAB749ED29;
SOME BY MI - Yuja Niacin Anti-Blemish Serum 50mL;;;;;;;;;;Yes;23.00;;No;20.00;;;No;;;each.each;Yes;0;0;;;;;SOME BY MI;Yes;Dark green;https://images.sumup.com/img_1S1RPPM2RW8R4SMZG5JA2FFDQ8;;;;;;;Yes;;;;Yes;45;business;0796C0E1-231C-446D-A353-BA42E3824CD9;4E56FAD2-5FFF-4D2F-9AF1-BA0D5DD96B7D;
SOME BY MI - Yuja Niacine Brightening All-In-One Cleanser;;;;;;;;;;Yes;18.00;;No;20.00;No;16.00;No;;;each.each;Yes;3;2;;12346789517;;;SOME BY MI;Yes;Yellow;https://images.sumup.com/img_2XQM7YPSTS87BSMEAP45FMZQZK;;;;;;;Yes;SOME BY MI - Yuja Niacine Brightening All-In-One Cleanser;;;No;45;business;8d052738-8fd6-4fb8-9e60-be03510c2f20;47039fd6-98bd-4ed0-af6d-6dfe043a9913;
SOQU Rice Serum 50ml;;;;;;;;;;Yes;23.99;;No;20.00;No;;No;;;each.each;Yes;2;2;;;;;SOQU;Yes;;;;;;;;;Yes;SOQU Rice Serum 50ml;;;Yes;45;business;e7332a20-47bd-4f3e-a5f3-5f3d4ae14e4c;783249a9-8685-4d72-a8b4-3e9bea5e4722;
Seoul 1988 eye;;;;;;;;;;Yes;27.60;;No;20.00;No;;No;;;each.each;Yes;4;0;;;;;SEOUL 1988;Yes;;https://images.sumup.com/img_3HN9E20Z4M8BR9TY3NJP262CN4;;;;;;;Yes;Seoul 1988 eye;;;Yes;45;business;2b1e256b-b7f0-499c-b38c-4ac1cf5eed2e;66216855-218d-4424-bd88-919ccbffb39b;
Seoul sun cream;;;;;;;;;;Yes;20.00;;No;20.00;No;;No;;;each.each;Yes;2;0;;;;;SEOUL 1988;Yes;;https://images.sumup.com/img_70DJ43E5VJ94T8M5J50QSFYSNE;;;;;;;Yes;Seoul sun cream;;;Yes;45;business;fcda8a0c-ef9c-403b-826a-d63bb6527b24;0a778bd2-b296-4240-8c0d-aaddb688ea23;
Serum manyo whitening;;;;;;;;;;Yes;21.99;;No;20.00;No;;No;;;each.each;Yes;4;0;;;;;Ma:nyo;Yes;;https://images.sumup.com/img_2QJ9VEQFVR8P3RV0DB2K30DV9Z;;;;;;;Yes;Serum manyo whitening;;;Yes;45;business;dc0e31a7-314f-4bc2-ae27-407d39fe1bea;41685057-cfbb-430b-95c1-3721efddcf63;
Shea moisture black soap ;;;;;;;;;;Yes;12.00;;No;20.00;No;;No;;;each.each;Yes;10;0;;;;;Shea moisture;Yes;Black;https://images.sumup.com/img_1CS8HYNG4X9DYTFEXGVTR6RJQH;;;;;;;Yes;Shea moisture black soap ;;;Yes;45;business;cc9b6eda-205b-4692-a908-6141d9a9615c;63bcb72a-0fca-4d05-896b-610963708deb;
Shea moisture black soap clariflying;;;;;;;;;;Yes;14.40;;No;20.00;No;;No;;;each.each;Yes;2;0;;;;;Shea moisture;Yes;Black;https://images.sumup.com/img_05091KX9NM8DFBMKEDGB9WEX07;;;;;;;Yes;Shea moisture black soap clariflying;;;Yes;45;business;eb14a4bc-7cf3-4fbc-9f3d-92a23f75597f;9b69dbb4-0e3f-4f22-9d39-38f0270e8482;
Skin 1004 Hyalu-Cica Ampoule ;;;;;;;;;;Yes;21.00;;No;20.00;No;;No;;;each.each;Yes;2;0;;;;;SKIN 1004;Yes;;https://images.sumup.com/img_51N8ZEW8KZ99RTJEQFVRCYPH0N;;;;;;;Yes;Skin 1004 Hyalu-Cica Ampoule ;;;Yes;45;business;0fb0c5eb-5477-4be3-9b1a-ef5791596a9d;57622ba4-faf6-410e-8b9a-bc02f4e9afec;
Skin 1004 Hyalu-Cica toner ;;;;;;;;;;Yes;21.99;;No;20.00;No;;No;;;each.each;Yes;2;0;;;;;SKIN 1004;Yes;Light blue;https://images.sumup.com/img_7E91YVD3GA862VAG2M9AYEVZJK;;;;;;;Yes;Skin 1004 Hyalu-Cica toner ;;;Yes;45;business;a57b5080-5b39-4cbf-9ee2-59ce7311c4b3;7be2a159-c540-4e23-9cb2-c65d631b2cd2;
Skin 1004 Probio-Cica toner ;;;;;;;;;;Yes;22.99;;No;20.00;No;;No;;;each.each;Yes;3;0;;;;;SKIN 1004;Yes;;https://images.sumup.com/img_0ZQY7QKB848469KTCXJZH808BB;;;;;;;Yes;Skin 1004 Probio-Cica toner ;;;Yes;45;business;9de7bfe9-ac3e-4f5f-a8ea-84e3b0b54056;21e7b590-2e76-4b1e-b2a3-6fbb1e52d117;
Skin 1004 Tea-Trica Ampoule ;;;;;;;;;;Yes;19.00;;No;20.00;No;;No;;;each.each;Yes;3;0;;;;;SKIN 1004;Yes;;https://images.sumup.com/img_487PJQCKB29PXTNRR06Q5K5PJF;;;;;;;Yes;Skin 1004 Tea-Trica Ampoule ;;;Yes;45;business;2abf114f-25be-4712-9937-d9a6490d2be7;60a3c19b-bab2-4d45-a13d-9d93bf93c8c6;
Skin 1004 Tea-Trica toner;;;;;;;;;;Yes;21.50;;No;20.00;No;;No;;;each.each;Yes;2;0;;;;;SKIN 1004;Yes;;https://images.sumup.com/img_13DWR0221Y86P8JRCQHYK0W5Z2;;;;;;;Yes;Skin 1004 Tea-Trica toner;;;Yes;45;business;8fcb4e09-cd4b-43d6-a61f-7f7365edb21d;0664914c-f45b-47e0-a8d4-35da90409d13;
Skin 1004 cream Poremizing ;;;;;;;;;;Yes;22.99;;No;20.00;No;;No;;;each.each;Yes;4;0;;;;;SKIN 1004;Yes;Pink;https://images.sumup.com/img_09QNDD7VM097D884SANQAG6E67;;;;;;;Yes;Skin 1004 cream Poremizing ;;;Yes;45;business;a26d67b6-cbbf-4d9b-9217-dd0440979174;7515bbf2-a67e-4691-8e3a-51bdc64bc97c;
Skin 1004 cream soothing;;;;;;;;;;Yes;19.99;;No;20.00;No;;No;;;each.each;Yes;1;0;;;;;SKIN 1004;Yes;;https://images.sumup.com/img_3JV67ZNPYB9EHV7ESCXY6B9MMB;;;;;;;Yes;Skin 1004 cream soothing;;;Yes;45;business;a08413da-a47b-4ebb-8934-3ba4a4664b3d;d4ecfe2a-1ca0-4b01-85b6-88abedf93855;
Skin 1004 foam brightening ;;;;;;;;;;Yes;19.99;;No;20.00;No;;No;;;each.each;Yes;2;0;;;;;SKIN 1004;Yes;Grey;https://images.sumup.com/img_29E8EM03NV84TVAS1ER052ZXYP;;;;;;;Yes;Skin 1004 foam brightening ;;;Yes;45;business;782e8999-5fdb-42d9-953d-4ba3426c3030;399ff7ef-2dba-46b0-bcad-d759960a5d9d;
Skin 1004 foam tea cica;;;;;;;;;;Yes;19.99;;No;20.00;No;;No;;;each.each;Yes;3;0;;;;;SKIN 1004;Yes;Dark green;https://images.sumup.com/img_39GJK3VD8F9YGTKNH4K39R8Y1W;;;;;;;Yes;Skin 1004 foam tea cica;;;Yes;45;business;00538160-b1d1-4f13-85aa-3eefd7328991;1f535f1a-8065-457a-ab1e-d7cf90156040;
Skin 1004 mask pores;;;;;;;;;;Yes;21.00;;No;20.00;No;;No;;;each.each;Yes;2;0;;;;;SKIN 1004;Yes;Pink;https://images.sumup.com/img_1VYVGN5FSX8AG8WWH8Q3D64CJV;;;;;;;Yes;Skin 1004 mask pores;;;Yes;45;business;e936f1c0-36e0-4ac6-b7f7-407e44821894;4b0fef96-1c91-4ba0-9900-fc14c0ee4317;
Skin 1004 masque Hyalu-Cica ;;;;;;;;;;Yes;4.65;;No;20.00;No;;No;;;each.each;Yes;2;0;;;;;SKIN 1004;Yes;;https://images.sumup.com/img_1C7D1H5WTE9E5922V4WBYWSJ2H;;;;;;;Yes;Skin 1004 masque Hyalu-Cica ;;;Yes;45;business;9a37f744-37ec-4fa0-bcb9-18c10cc96d0d;9ad24e69-0881-401b-92e5-f3863229669e;
Skin 1004 pads;;;;;;;;;;Yes;30.00;;No;20.00;No;;No;;;each.each;Yes;0;0;;;;;SKIN 1004;Yes;;https://images.sumup.com/img_6HQHAM9PYH9FCVECQ50KQJVQ5V;;;;;;;Yes;Skin 1004 pads;;;Yes;45;business;05da06d6-7588-4199-a7a8-571d6c13ac41;47752d34-d5cd-4fb2-93b7-bc887e2cbcaf;
Skin 1004 spray hydratant;;;;;;;;;;Yes;22.00;;No;20.00;No;;No;;;each.each;Yes;2;0;;;;;SKIN 1004;Yes;Dark blue;https://images.sumup.com/img_5RHZMSCNKH99NS9PV5CGTS9P1Y;;;;;;;Yes;Skin 1004 spray hydratant;;;Yes;45;business;e86c8963-a5a0-4185-99d9-85316800b6a6;baaa038f-cbb9-4c45-bbf7-9f738e829c42;
Skin 1004 tea-trica b5 cream ;;;;;;;;;;Yes;19.50;;No;20.00;No;;No;;;each.each;Yes;2;0;;;;;SKIN 1004;Yes;;https://images.sumup.com/img_1J547VDEC187FA5TN947ZS4ZTQ;;;;;;;Yes;Skin 1004 tea-trica b5 cream ;;;Yes;45;business;7590fb16-20e7-48a5-9d4c-40b3ceeb4116;69c847c6-29e5-4c47-812e-7b26f185a1d5;
Skin 1004 toner brightening ;;;;;;;;;;Yes;21.50;;No;20.00;No;;No;;;each.each;Yes;2;0;;;;;SKIN 1004;Yes;;https://images.sumup.com/img_66V2TG8XRE8H9VKNAGZPFBGCSV;;;;;;;Yes;Skin 1004 toner brightening ;;;Yes;45;business;4b57aef7-1f4b-468e-b03a-004ef27927de;61a801b7-8f99-4ff5-8d55-01b7a351e5ea;
Skin 1004 toner probio cica;;;;;;;;;;Yes;22.80;;No;20.00;No;;No;;;each.each;Yes;4;0;;;;;SKIN 1004;Yes;Orange;https://images.sumup.com/img_14Z26F42CH8X7A1CX3H7NB5HJ0;;;;;;;Yes;Skin 1004 toner probio cica;;;Yes;45;business;965d8dac-5ab0-4b94-a618-2697f0ce3c26;bac1f78e-e3ce-4d7b-815c-0852909f985f;
Skin1004 Probiocica bakuchiol eye cream;;;;;;;;;;Yes;21.95;;No;20.00;No;;No;;;each.each;Yes;0;0;;;;;SKIN 1004;Yes;Dark red;https://images.sumup.com/img_00X6F2WBG59H78Z3JBGXCY2J6T;;;;;;;Yes;Skin1004 Probiocica bakuchiol eye cream;;;Yes;45;business;99bd28f1-9898-44ce-ac05-07775a0e496b;530e211f-446b-4bc3-99d0-248a7516b3ee;
Skin1004 ampoule pad;;;;;;;;;;Yes;32.55;;No;20.00;No;;No;;;each.each;Yes;1;1;;;;;SKIN 1004;Yes;Light blue;https://images.sumup.com/img_24CC2R4PBF9V194PXHR8FMVWHN;;;;;;;Yes;Skin1004 ampoule pad;;;Yes;45;business;3332a6a9-1583-4d32-ba14-97d3c58f9214;0ce058c8-ac2f-4159-8bea-5d1753bb970f;
Skin1004 cream Hyalu-Cica ;;;;;;;;;;Yes;22.99;;No;20.00;No;;No;;;each.each;Yes;0;0;;;;;SKIN 1004;Yes;;https://images.sumup.com/img_3EP0VXG81E9PHSSDZAP9SDM1H0;;;;;;;Yes;Skin1004 cream Hyalu-Cica ;;;Yes;45;business;78490864-170c-4675-a869-7b3d2bcf6292;66486f3d-17af-48db-a1be-fb51bf519f8a;
Somebymi ;;;;;;;;;;Yes;21.99;;No;20.00;No;;No;;;each.each;Yes;1;0;;;;;SOME BY MI;Yes;;https://images.sumup.com/img_5BZEN39NGX84JTNT2XNA5F3CNN;;;;;;;Yes;Somebymi ;;;Yes;45;business;64d842fb-25a7-4e4e-aed4-01e4c02df134;3a01b0bf-7687-4ea7-8bd5-b470fc607555;
Sun creen rice;;;;;;;;;;Yes;28.00;;No;20.00;No;;No;;;each.each;Yes;4;0;;;;;I'm from;Yes;Pink;https://images.sumup.com/img_5N5DCJGJEC8G4SRG1XQ0EWAM98;;;;;;;Yes;Sun creen rice;;;Yes;45;business;2b767e07-64df-41f8-8088-529315befdec;263731dd-fb13-4dc5-89ed-03dd3c6b9649;
Sungboon oil green tomato;;;;;;;;;;Yes;26.99;;No;20.00;No;;No;;;each.each;Yes;0;0;;;;;Sungboon;Yes;Light green;https://images.sumup.com/img_75M46E14XK9R1T16A4GH8JMK23;;;;;;;Yes;Sungboon oil green tomato;;;Yes;45;business;162c7a4d-e922-4d02-87db-09c36709abd4;d0791084-ac9d-4144-ad80-e7df4bec5bdb;
TENZERO - Essential Lip Sleeping Pack - 15g;;;;;;;;;;Yes;4.20;;No;20.00;;;No;;;each.each;Yes;0;0;;;;;TENZERO;Yes;;https://images.sumup.com/img_1YXY9TYYK095JSVKF76ZZWV142;;;;;;;No;;;;No;45;business;E0972168-7088-443C-AC36-076825BA90AC;4158CD2E-5E32-4E40-A721-F0783CBF1F4E;
TIRTIR - Milk Skin Toner;;;;;;;;;;Yes;26.00;;No;20.00;No;26.00;No;;;each.each;Yes;4;2;;12346789535;;;TIRTIR;Yes;;https://images.sumup.com/img_6GNW980NHM8Q3RFM6K19PC76QX;;;;;;;Yes;TIRTIR - Milk Skin Toner;;;No;45;business;c4e0b512-1191-47c8-9dd4-85d75da2e1c8;116d9cf4-7fad-4440-aa24-51b3f086bc31;
TOCOBO - Cleansing Foam;;;;;;;;;;Yes;19.99;;No;20.00;No;;No;;;each.each;Yes;11;0;;;;;Tocobo;Yes;Light blue;https://images.sumup.com/img_3B656C4CKB9R6VE2QFDWSHHYTG;;;;;;;Yes;TOCOBO - Cleansing Foam;;;No;45;business;bf390baf-d436-4dc6-a74c-8f75d60568d2;af52a619-9b55-41d5-ac2f-a1b9755f491c;
TOCOBO Multi Ceramide Cream;;;;;;;;;;Yes;21.50;;No;20.00;No;;No;;;each.each;Yes;0;0;;;;;Tocobo;Yes;;https://images.sumup.com/img_7NWFV82A0S82W9Q1JK84NWM6RF;;;;;;;No;;;;No;45;business;056723d6-f362-4a97-9ded-1e1450911b0a;5d6fe6b5-68b6-4629-a412-ea89738e5025;
TORRIDEN - CELLMAZING MASQUE EN TISSU ÉCLAIRCISSANTÀ LA VITAMINE C;;;;;;;;;;Yes;4.90;;No;20.00;;;No;;;each.each;Yes;3;2;;;;;Torriden;Yes;Orange;https://images.sumup.com/img_0AAGWPJG4C9A0SD56TM6K1KWTH;;;;;;;Yes;;;;Yes;45;business;D8D1B7D6-1C4E-4C71-B9C7-D770540C6648;E311927C-95F5-4447-8B2D-B3AC2137C7E5;
TORRIDEN - CELLMAZING MASQUE GEL FERMETÉ AU COLLAGÈNE 5D;;;;;;;;;;Yes;11.20;;No;20.00;;;No;;;each.each;Yes;0;1;;;;;Torriden;Yes;Pink;https://images.sumup.com/img_14VVG835Q08W3A8QFXCWFE81NB;;;;;;;Yes;;;;Yes;45;business;A61D0F04-9C1D-435D-B32F-365AA39B780A;93296BFD-B117-43B0-8188-15301A95BE72;
TORRIDEN - CRÈME APAISANTE À L'ACIDE HYALURONIQUE 100ML;;;;;;;;;;Yes;23.50;;No;20.00;No;;No;;;each.each;Yes;-1;2;;;;;Torriden;Yes;Light blue;https://images.sumup.com/img_6AQCSAABKA8S8RHCVDP2S3HX89;;;;;;;Yes;;;;Yes;45;business;0EB16DCB-A405-43BC-A71B-842910A19AF3;84463879-5D1F-44D8-BB35-DF589C91435D;
TORRIDEN - CRÈME ÉQUILIBRANTE 80ML;;;;;;;;;;Yes;25.90;;No;20.00;No;;No;;;each.each;Yes;0;2;;;;;Torriden;Yes;Light green;https://images.sumup.com/img_3P1S8FZ5BN99X8FNS594WTF6XY;;;;;;;Yes;;;;Yes;45;business;0843541E-2947-4D24-A5A1-183B45307C4E;97FC48CB-1261-47A4-ABEF-FE4A97D6A88E;
TORRIDEN - DIVE IN - DISQUES TONIFIANTS ET APAISANTS À L'ACIDE HYALURONIQUE X 80;;;;;;;;;;Yes;28.90;;No;20.00;No;;No;;;each.each;Yes;9;2;;;;;Torriden;Yes;Light blue;https://images.sumup.com/img_3T8SYP92V28SS8CGY1FKHBYGYB;;;;;;;Yes;;;;Yes;45;business;476D70A0-C7C1-43F0-A1F8-3F88C494D939;04E5A0D5-15ED-498A-A372-914DEB93E52F;
TORRIDEN - DIVE IN - SÉRUM À L'ACIDE HYALURONIQUE 50ML;;;;;;;;;;Yes;22.90;;No;20.00;No;;No;;;each.each;Yes;-3;0;;;;;Torriden;Yes;Light blue;https://images.sumup.com/img_3XB68AKYX19G29F0EXB2HD7JE7;;;;;;;Yes;;;;Yes;45;business;C92A252D-1854-4F92-9FE6-B5DF28C27375;8E56DBBC-BAC2-478E-B76B-69AE6A8DB027;
TORRIDEN - Dive In Trial Kit ;;;;;;;;;;Yes;25.00;;No;20.00;;;No;;;each.each;Yes;3;0;;;;;Torriden;Yes;Light blue;https://images.sumup.com/img_27YEVX851C8M4S59BJHJ9E2CGH;;;;;;;Yes;;;;Yes;45;business;387A3E9F-FA73-402A-9897-24B281128375;255D1B64-3C25-4D7B-AF4D-00D90769F468;
TORRIDEN - MASQUE HYDRATANT INTENSE - ACIDE HYALURONIQUE;;;;;;;;;;Yes;6.90;;No;20.00;;;No;;;each.each;Yes;4;3;;;;;Torriden;Yes;Light blue;https://images.sumup.com/img_7RTMKDRYQB81MSVNW2JKZ724QV;;;;;;;No;;;11.0;No;45;business;41717E47-BF6F-44EC-8505-B3FBD2C53F26;F9C6983F-1254-48F5-BA88-D63B1480B152;
TORRIDEN - SÉRUM ÉQUILIBRANT À L'EXTRAIT DE CENTELLA ASIATICA 50ML;;;;;;;;;;Yes;24.90;;No;20.00;;;No;;;each.each;Yes;3;2;;;;;Torriden;Yes;Light green;https://images.sumup.com/img_7V5CE18VY98JJV6Z306HCJ2EV6;;;;;;;Yes;;;;Yes;45;business;2E56E04F-C967-4CDD-9AC4-A880B0F0F446;6EC2D654-8915-4AF8-8CF1-9A36CF7814F4;
TORRIDEN - TONIQUE À L'ACIDE HYALURONIQUE 300ML;;;;;;;;;;Yes;24.90;;No;20.00;No;;No;;;each.each;Yes;2;2;;;;;Torriden;Yes;Light blue;https://images.sumup.com/img_1RTZV8HVQS892RDXZNFYVY4XEY;;;;;;;Yes;;;;Yes;45;business;D17E2517-2EBA-47B4-A380-A74F4A2BEE21;07E383A8-5D36-4DDD-B4D1-DA8AA909CAC2;
TORRIDEN - balanceful LHA acné;;;;;;;;;;Yes;22.90;;No;20.00;No;;No;;;each.each;Yes;1;2;;;;;Torriden;Yes;Light green;https://images.sumup.com/img_3ANB68X60R933V52HYBBNEA9S8;;;;;;;Yes;TORRIDEN - balanceful LHA acné;;;Yes;45;business;AAD2D057-415D-4F3B-8BCD-CBBEA3691B0D;226907AD-130A-43FA-A2CA-A2C5FE23DB38;
Tir tir niacinamide 20%;;;;;;;;;;Yes;24.99;;No;20.00;No;;No;;;each.each;Yes;0;0;;;;;TIRTIR;Yes;;https://images.sumup.com/img_1K9QTXACZ190AACQ2PARS8B3R0;;;;;;;Yes;Tir tir niacinamide 20%;;;Yes;45;business;4b0aab97-d8e0-4c0e-bdf8-1ae21a545019;3ceda831-3dfa-4121-8cf1-5c65cf3fbbef;
Tirtir Light toner;;;;;;;;;;Yes;25.50;;No;20.00;No;;No;;;each.each;Yes;3;0;;;;;TIRTIR;Yes;;https://images.sumup.com/img_6YJ2PKH4JB8CXVTG8S7MR7PRBT;;;;;;;Yes;Tirtir Light toner;;;Yes;45;business;11ee6df5-7325-4d09-8004-7864d144e8cc;ba787a86-d424-4e01-924d-858a7c61b5bb;
Tocobo - Cleansing Oil ;;;;;;;;;;Yes;21.99;;No;20.00;No;;No;;;each.each;Yes;2;0;;;;;Tocobo;Yes;;https://images.sumup.com/img_7Z5ZX0Y45S9PWR0K2S7P6H41Y6;;;;;;;No;;;;No;45;business;D10B65FA-E5B5-46F5-89C0-BBAA19070397;FA8D2D4F-3A6E-4D5E-B444-6C635ACED973;
Tocobo lemon scrub lips;;;;;;;;;;Yes;15.99;;No;20.00;No;;No;;;each.each;No;0;0;;;;;Tocobo;Yes;;https://images.sumup.com/img_66R9XKRP9K994S69X1PT8VGRDS;;;;;;;Yes;Tocobo lemon scrub lips;;;Yes;45;business;6aca15fc-b5c9-4139-b7fb-3c3827913701;8e8dfbd8-ebdc-40e9-b202-c23d6c2a0341;
Toner manyo pore ;;;;;;;;;;Yes;21.90;;No;20.00;No;;No;;;each.each;Yes;3;0;;;;;Ma:nyo;Yes;;;;;;;;;Yes;Toner manyo pore ;;;Yes;45;business;a85616e6-d963-4b7c-b036-8de2579fa9fe;53047274-c8ff-4fd6-91a3-12e7d86d308b;
Torriden - Dive in Cleansing Foam;;;;;;;;;;Yes;20.90;;No;20.00;No;;No;;;each.each;Yes;11;0;;;;;Torriden;Yes;;https://images.sumup.com/img_7QYC6TA98M898B84NC1YJ1NDWQ;;;;;;;Yes;;;;Yes;45;business;A7719655-78B9-4AC5-83EB-0B3DC88481C5;7FAB78CE-64BC-4134-B0EE-50AD780CFD78;
Torriden Firmin eyes cream;;;;;;;;;;Yes;25.50;;No;20.00;No;;No;;;each.each;Yes;3;0;;;;;Torriden;Yes;Pink;https://images.sumup.com/img_087MNCB7M19TR840PR1XF2J0GF;;;;;;;Yes;Torriden Firmin eyes cream;;;Yes;45;business;ec57925e-a335-4761-a315-2000c20f90a2;98ae7f5a-2a52-45ea-bc62-829206810cf0;
Torriden Firming cream;;;;;;;;;;Yes;24.50;;No;20.00;No;;No;;;each.each;Yes;1;0;;;;;Torriden;Yes;Pink;https://images.sumup.com/img_20VH24XB388EMV9E6ZBQQB6PT5;;;;;;;Yes;Torriden Firming cream;;;Yes;45;business;d2573b1f-4ee5-4a76-991b-cc5960395110;c8ffd3c0-b5ff-466f-b7da-4485a7132744;
Torriden azelaic acid serum;;;;;;;;;;Yes;25.90;;No;20.00;No;;No;;;each.each;Yes;3;0;;;;;Torriden ;Yes;Light green;https://images.sumup.com/img_49Z65XF3E295BTVZNQS9FRJZ9F;;;;;;;Yes;Torriden azelaic acid serum;;;Yes;45;business;9358e4b7-671a-4215-ab98-c251f74c89ed;699daff3-6a66-415d-8347-626c567d1241;
Torriden drive crème hydratante;;;;;;;;;;Yes;22.00;;No;20.00;No;;No;;;each.each;Yes;-3;0;;;;;Torriden;Yes;;https://images.sumup.com/img_73C4BGBP649HSS42QGBGDKSNED;;;;;;;Yes;Torriden drive crème hydratante;;;Yes;45;business;71f36c5e-0239-48e6-80bc-a4c0e1ff6c0b;5c997ccc-62fd-4da7-a8b9-3757c8f51dac;
Torriden moisture sun cream;;;;;;;;;;Yes;21.00;;No;20.00;No;;No;;;each.each;Yes;2;2;;;;;A'pieu;Yes;Purple;https://images.sumup.com/img_2EX4P3A3B395PSX447R7KP7EAZ;;;;;;;Yes;Torriden moisture sun cream;;;Yes;45;business;1c805594-f2df-4f68-ad8d-92f8f7dbfbce;37634cbb-1005-463d-bd27-3d76743170ba;
Torriden oil ;;;;;;;;;;Yes;22.90;;No;20.00;No;;No;;;each.each;Yes;2;0;;;;;Torriden;Yes;;https://images.sumup.com/img_325GC386378PTV2K3S3VN6S4W2;;;;;;;Yes;Torriden oil ;;;Yes;45;business;8c2eea29-2e5c-4d48-bd38-1ffc9e11f249;70eef024-a217-4cb5-b5b9-d0e12488b167;
Torriden purple tone up sun cream;;;;;;;;;;Yes;19.00;;No;20.00;No;;No;;;each.each;Yes;4;2;;;;;Torriden;Yes;Light blue;https://images.sumup.com/img_4HMX7PA2GN8448SJD6C5YBD5HW;;;;;;;Yes;Torriden purple tone up sun cream;;;Yes;45;business;16f255e6-7b71-4cab-b9a1-b20ada61ce41;ae2fb95d-c94d-45c9-a5f6-4084569f35b0;
Torriden salicylique acid cleanser;;;;;;;;;;Yes;21.99;;No;20.00;No;;No;;;each.each;Yes;2;0;;;;;Torriden;Yes;Light green;https://images.sumup.com/img_1QM0HECFEK8H1SCV0C69BQVSG0;;;;;;;Yes;Torriden salicylique acid cleanser;;;Yes;45;business;ba06d159-343a-4dc8-8730-6af8341f9348;e5c172a3-051a-4f38-ab2a-bb7a3fa58ce6;
Torriden sun serum;;;;;;;;;;Yes;22.99;;No;20.00;No;;No;;;each.each;Yes;5;2;;;;;Torriden;Yes;Light blue;https://images.sumup.com/img_4MN5Y63K9N9GE8DAV5EF5MY3MR;;;;;;;Yes;Torriden sun serum;;;Yes;45;business;82c392c1-a32a-45d2-9547-da19dbeef766;f180536b-f96d-44f8-98d9-a7ea64bba7da;
Tree hut Pink hibicus;;;;;;;;;;Yes;18.00;;No;20.00;No;;No;;;each.each;Yes;1;0;;;;;Tree hut;Yes;Pink;https://images.sumup.com/img_1M2ZCSJKSG8ZJVKQG97BZZ27Y0;;;;;;;Yes;Tree hut Pink hibicus;;;Yes;45;business;75c9afb6-e0d6-43f8-9f68-78606327c3f2;a21c052b-8787-436e-872c-e8378b4099e6;
Tree hut merry mint scrub;;;;;;;;;;Yes;17.99;;No;20.00;No;;No;;;each.each;Yes;1;0;;;;;Tree hut;Yes;;https://images.sumup.com/img_7YTXMA97X38CS9N9Z4653BTP7D;;;;;;;Yes;Tree hut merry mint scrub;;;Yes;45;business;ef2f174b-3efc-4b69-9bb0-34cb0f7514fc;a357b264-6e66-47fe-afb0-db605a3ed37c;
Tree hut scrub moroccan rose;;;;;;;;;;Yes;18.00;;No;20.00;No;;No;;;each.each;Yes;1;0;;;;;Tree hut;Yes;;https://images.sumup.com/img_0BVR5NNDR48K1TVH74FY63WX3N;;;;;;;Yes;Tree hut scrub moroccan rose;;;Yes;45;business;be786ce8-f9b7-4200-adc1-6d3a7117451e;b8011257-6b40-4b7f-bc44-4c68c281eeca;
Tree hut scrub vanilla;;;;;;;;;;Yes;18.00;;No;20.00;No;;No;;;each.each;Yes;2;0;;;;;Tree hut;Yes;;https://images.sumup.com/img_0XT6MKPX3Y93JS6YX3GBQY4HNM;;;;;;;Yes;Tree hut scrub vanilla;;;Yes;45;business;24d49aa8-b561-4fa0-9659-8f71b9895549;72512857-b63b-47f4-b858-3cd0306e7e3d;
VT - reedle shot 300;;;;;;;;;;Yes;29.99;;No;20.00;No;;No;;;each.each;Yes;5;1;;;;;VT Cosmetics ;Yes;Grey;https://images.sumup.com/img_2VV8N9JNZB9B6SPAJHZJYQ328X;;;;;;;Yes;VT reedle shot 300;;;Yes;45;business;370c1875-f08f-4633-932f-b627e288f5d9;649dbb53-0803-49d0-b677-dfeeea18eae0;
VT cica daily mask ;;;;;;;;;;Yes;25.00;;No;20.00;No;;No;;;each.each;Yes;2;0;;;;;VT Cosmetics ;Yes;;https://images.sumup.com/img_7D6MP6399780Q98HHVWBTQ4BB8;;;;;;;Yes;VT cica daily mask ;;;Yes;45;business;e6914e6e-e26b-437f-aeb6-10abaf3a0836;d694f634-9f25-47c8-9925-3f4fd1782af2;
W.Dressroom - Moisturizing Perfume Hand Cream 38 Tangerine Farm;;;;;;;;;;Yes;8.00;;No;20.00;No;;No;;;each.each;Yes;1;0;;;;;W.Dressroom;Yes;;https://images.sumup.com/img_1JFZAAK4XC8Q6AMTMAWKDS5WG0;;;;;;;Yes;;;;Yes;45;business;64AB8D65-885B-43EA-8310-F8C267CE7AF5;4ADE8AFE-A2C3-4BFD-A8E8-1F4FF9655EE3;
WHIPPED - Whipped Mugtree Vegan Calming Syrup Ampoule 30ml;;;;;;;;;;Yes;32.00;;No;20.00;;;No;;;each.each;Yes;2;0;;;;;Whipped ;Yes;Dark green;https://images.sumup.com/img_2FKJ2HD4RX92XRG1CZRY26HYX2;;;;;;;No;;;;No;45;business;07378AB3-FB13-4266-8D4A-ACB416FE1FC0;A0BD41A1-B456-49D2-8189-44830C506A75;
WHIPPED - Y ujamong Vegan Vita Syrup Ampoule 30ml;;;;;;;;;;Yes;32.00;;No;20.00;;;No;;;each.each;Yes;1;0;;;;;Whipped ;Yes;Yellow;https://images.sumup.com/img_4K5KRKRKC78ESR5JF3M6QNKZVJ;;;;;;;No;;;;No;45;business;872EDF1B-5F25-4768-91D0-56C22AA5DE94;8145F29F-325C-42ED-AE9B-E5CB64FF2235;
beplain - Mousse nettoyante équilibrante au haricot mung ;;;;;;;;;;Yes;22.00;;No;20.00;;;No;;;each.each;Yes;4;0;;;;;Beplain;Yes;Dark green;https://images.sumup.com/img_6KJ6JKH7F09GRAZTC9EPFFAH3G;;;;;;;Yes;;;;Yes;45;business;C54E1EB5-96AF-42FB-BDBE-6CF85D3A2F22;25C83BEA-EA01-4379-BF4B-96C9CAF5165D;
d'Alba - White Truffle First Spray Serum;;;;;;;;;;Yes;23.99;;No;20.00;No;;No;;;each.each;Yes;2;0;;;;;d'Alba;Yes;Yellow;https://images.sumup.com/img_539KSG2J1D8PEBHQH93JVTPBAF;;;;;;;No;;;;No;45;business;0EC156FE-A699-4619-90D4-4138E37CEEA7;CEE268E6-1FE5-41D8-AFEF-B0CC15EA4F10;
iUNIK - Beta-Glucan 3X Barrier Cream;;;;;;;;;;Yes;21.00;;No;20.00;No;;No;;;each.each;Yes;1;1;;;;;iUNIK;Yes;Grey;https://images.sumup.com/img_33EWE9B3R49HM8ESE3NKME5KJH;;;;;;;Yes;;;;Yes;45;business;848784B2-2C9E-4D83-A488-0DDAD2A7ECE7;22322CBC-E819-4BD2-BED7-0364A2FF5F6B;
iUNIK - Beta-Glucan Power Moisture Serum;;;;;;;;;;Yes;22.50;;No;20.00;No;;No;;;each.each;Yes;0;0;;;;;iUNIK;Yes;Grey;https://images.sumup.com/img_06ABGZ02V687AR7Q4N79R5A8N9;;;;;;;Yes;;;;Yes;45;business;81629E16-0DB5-4C03-9E01-69109682EA2B;2FB11B01-E498-4AB0-AE70-DCE5CFE5D5D2;
iUNIK - Centella Calming Daily Sunscreen;;;;;;;;;;Yes;23.00;;No;20.00;No;;No;;;each.each;Yes;4;2;;;;;iUNIK;Yes;;https://images.sumup.com/img_37CENBMBKN9AFA8C83HHTYJEVR;;;;;;;Yes;;;;Yes;45;business;7D27399F-4A12-46B4-BE0A-6D2585D7F0E5;1263DC75-D35F-404B-9B66-739820BF4C1A;
iUNIK - Centella Calming Gel Cream 60ml;;;;;;;;;;Yes;19.50;;No;20.00;No;;No;;;each.each;Yes;1;2;;;;;iUNIK;Yes;Grey;https://images.sumup.com/img_1Q0BT6HM8P92ERJBEE1KZAYN0K;;;;;;;Yes;;;;Yes;45;business;6B425CFA-F343-4ADF-B4B3-B52D7381A6D4;7F5206CD-7485-4107-A45C-42BBCA20913A;
iUNIK - Cleansing oil ;;;;;;;;;;Yes;22.00;;No;20.00;No;;No;;;each.each;Yes;3;1;;;;;iUNIK;Yes;;https://images.sumup.com/img_2TH0RANF189D6VK3AKR0DN2RTZ;;;;;;;Yes;;;;Yes;45;business;DCA67F43-E679-4B33-AEB4-E1475E12AF18;49ED8873-D218-41A7-A813-0890EDED5E02;
iUNIK - Tea Tree Relief Serum ;;;;;;;;;;Yes;22.50;;No;20.00;No;;No;;;each.each;Yes;4;2;;;;;iUNIK;Yes;;https://images.sumup.com/img_5MCQ8CEKQA9ADSTABSGR0X4C0J;;;;;;;Yes;;;;Yes;45;business;E19D84A3-D5AD-4439-8CFF-52545749DA11;3215204F-C473-4E8A-8F48-EE9819680021;
